yearmoth  min	  5th	   med	    95th     max
192001   13.64    18.07    61.66   102.39   105.83 
192002   12.59    12.68    51.15    92.70   112.36 
192003   32.31    34.80    60.56    83.71   101.02 
192004   23.82    36.67    58.88    98.38   101.04 
192005   29.06    29.23    74.57   107.59   108.18 
192006    7.37    14.60    48.91    89.61   111.88 
192007   23.38    25.86    53.67    92.61    93.78 
192008   12.93    14.00    43.36    85.36    88.74 
192009    7.85     9.35    35.31    78.05    80.35 
192010    7.96    10.07    45.48    92.52    95.52 
192011   10.66    10.74    40.38    80.23    88.23 
192012    6.21    12.70    42.74    95.59    96.04 
192101    6.64    10.39    35.64   133.83   134.85 
192102    9.01    12.35    39.99    82.77   107.22 
192103   19.90    30.09    57.70   101.23   102.66 
192104   26.76    33.86    65.88    95.13   102.01 
192105   27.90    34.96    70.92    96.08   105.05 
192106   21.87    21.90    45.08   111.13   117.84 
192107   15.50    22.75    53.71    84.33    87.52 
192108   13.36    15.50    44.30    88.72    89.26 
192109    2.80    11.82    34.30    75.76    98.82 
192110    7.38    12.40    48.02    98.10    99.21 
192111   15.94    18.34    49.63    93.81   108.33 
192112   10.36    16.42    42.47    96.19   104.80 
192201    5.29    16.10    46.22    92.11    97.50 
192202   11.48    11.82    44.34    83.73    95.04 
192203   33.96    35.34    62.12   103.16   117.15 
192204   18.80    20.50    67.44   104.29   111.19 
192205   34.40    38.93    67.20   117.42   119.54 
192206   24.00    26.93    44.14    89.32   100.72 
192207   20.94    25.55    47.51    85.54    86.34 
192208   14.18    23.34    51.40    94.85   100.20 
192209    6.25     9.77    38.17    84.28    85.23 
192210   18.37    19.92    39.61    70.82    77.18 
192211   15.77    20.90    48.64    90.85   106.25 
192212   21.90    22.76    47.99   129.56   153.14 
192301    4.76    20.84    42.93   146.46   154.23 
192302    8.45    16.86    47.15    84.44    87.31 
192303    8.78    31.84    54.69    98.41   102.13 
192304   24.36    24.71    59.36    97.46   106.80 
192305   32.39    35.00    64.07    98.69   103.89 
192306   11.84    14.30    33.15    72.54   102.26 
192307   20.10    21.98    46.11    87.59   127.36 
192308   17.88    18.28    43.03    84.29    85.59 
192309    6.60     8.53    33.41    69.47    77.46 
192310    8.96    11.64    35.44    83.16   112.94 
192311   19.66    21.79    43.22    79.96    84.91 
192312   18.57    20.26    45.19    96.67    99.01 
192401    8.37    12.07    39.49    86.87    91.90 
192402   23.70    23.80    50.86   108.20   144.52 
192403   26.58    34.79    63.06   103.61   116.96 
192404   30.52    32.00    61.67    80.23    87.48 
192405   25.00    26.74    58.20    94.76   103.77 
192406   13.49    13.64    39.07    72.16    91.36 
192407   17.14    17.23    53.77    94.96   102.44 
192408   16.66    17.65    45.31    85.46    96.46 
192409    4.25    10.90    37.38    87.05    96.52 
192410    8.99    12.83    44.16    82.37    88.03 
192411    4.76     6.36    37.82    80.21    83.95 
192412    3.47     8.41    43.24    81.14    84.28 
192501    6.40    12.87    36.50    75.32   121.04 
192502   14.00    14.46    40.71   110.45   166.96 
192503   29.57    30.18    72.56    97.54   104.38 
192504   36.12    38.86    69.87    98.36   107.31 
192505   17.96    33.31    69.35   106.28   133.21 
192506    6.30    15.31    46.58    84.97   123.48 
192507   24.35    25.04    47.31    73.14    88.84 
192508   17.79    20.55    47.47    76.55    88.64 
192509    6.89    10.56    41.43    90.76   105.82 
192510   13.38    14.85    47.67    92.57    95.70 
192511   24.09    27.69    42.50    73.37   118.00 
192512   15.19    15.90    38.77   108.07   167.43 
192601    8.18    11.10    39.40    94.08    94.38 
192602   12.89    14.87    45.45   100.10   106.90 
192603   23.28    28.48    57.38    92.14    95.44 
192604   23.75    30.45    59.71    98.96   115.34 
192605   21.11    22.76    64.98   103.85   106.79 
192606   11.31    23.90    45.77    82.71    99.84 
192607   15.97    17.37    48.21    86.76    89.82 
192608   18.40    19.27    47.99    85.02    94.21 
192609    7.35     8.58    43.00    67.84    79.33 
192610    8.44    11.65    36.97    97.10   124.18 
192611   17.57    20.23    48.39    74.71   100.01 
192612   10.42    11.95    43.49    92.38    99.30 
192701   14.59    17.50    49.88   141.58   145.04 
192702   13.84    20.32    44.85   111.66   122.80 
192703   10.78    15.63    57.47    94.90   104.17 
192704   28.79    38.10    64.62   109.67   119.73 
192705   19.64    30.37    65.74   119.53   141.29 
192706   12.95    13.44    45.11   105.84   135.84 
192707   18.19    19.60    51.74    96.53   115.70 
192708    8.94    13.96    46.76    91.09    95.50 
192709   11.24    12.69    43.69    76.01    80.05 
192710    9.59    13.89    50.17    83.48    92.41 
192711   10.30    22.09    44.80    80.97    95.10 
192712    8.13    17.14    51.35    83.22   119.94 
192801    7.27     9.99    35.76    83.64   123.59 
192802   13.01    13.86    44.42    90.00   103.09 
192803   26.94    37.40    61.91    86.63    94.19 
192804   30.18    31.14    64.86    95.73   105.57 
192805   20.15    26.93    61.02   104.35   124.90 
192806   11.58    13.02    41.52    77.63   105.56 
192807   21.09    24.76    48.17    96.22    96.27 
192808   16.20    17.21    50.60    82.41    93.47 
192809    5.80     9.48    32.30    65.56    66.09 
192810    3.99     7.73    33.57    76.36    96.87 
192811   11.76    16.37    43.15    76.89    77.30 
192812   15.12    18.33    41.52    82.85    86.60 
192901   10.41    12.65    40.66    90.64    93.95 
192902   18.39    19.62    44.96   112.73   149.64 
192903   29.85    32.34    59.55    95.66   109.00 
192904   30.94    35.19    66.77   100.00   112.76 
192905   20.48    20.52    62.22   111.47   119.40 
192906   20.68    23.37    44.98   113.02   127.08 
192907   13.93    16.20    56.40    91.15   100.14 
192908   12.05    13.14    47.32    95.63    95.91 
192909    9.27     9.73    46.81   100.04   123.83 
192910    4.42     8.43    45.34    79.32    90.66 
192911   15.04    18.02    41.46    84.75    99.93 
192912   17.86    19.09    39.59    75.86    79.39 
193001   14.00    14.65    41.26   116.43   119.41 
193002   10.81    18.57    57.97   103.77   104.04 
193003   14.04    31.25    58.86    96.91    97.73 
193004   18.64    25.64    66.72   104.11   109.31 
193005   29.57    33.86    72.77   118.03   135.92 
193006   11.75    19.59    56.04    90.67    98.37 
193007   12.64    15.05    49.08   110.08   112.17 
193008   13.75    18.64    43.18    88.01    88.44 
193009    5.96     9.17    34.17    70.88    73.39 
193010   15.83    21.76    47.23    98.50   100.24 
193011   12.07    12.82    47.00    77.66    79.54 
193012   14.80    15.02    50.48    84.42   102.30 
193101    6.76     8.69    39.66   106.34   108.98 
193102   10.46    14.34    38.98   111.84   115.07 
193103   20.63    24.36    54.22    80.34    88.18 
193104   22.47    25.12    62.97    98.85   100.12 
193105   25.93    30.16    72.66   123.34   129.30 
193106   12.84    13.26    39.91    97.18   119.67 
193107   11.16    15.64    51.01   109.99   120.21 
193108   10.10    13.18    42.95    95.33    99.44 
193109    7.92    14.72    35.56    86.31   108.46 
193110   10.71    13.21    38.31    88.63    99.66 
193111    2.24    16.83    45.35    71.54    76.10 
193112   17.27    18.49    47.48    84.13   105.73 
193201    6.93    11.80    45.93    95.27   129.60 
193202   14.09    15.30    38.62    76.97    77.81 
193203   18.13    22.73    53.89    84.37    84.38 
193204   24.53    28.58    60.38   101.53   110.72 
193205   30.25    31.50    62.68    89.45    94.82 
193206   11.80    13.18    47.17    78.69   123.93 
193207   18.18    22.58    43.21    76.64    92.93 
193208   15.80    16.19    49.58    86.32    92.91 
193209   10.01    10.19    33.52    69.87    90.21 
193210    8.78    12.94    39.57    83.16    86.78 
193211   13.93    19.33    46.26    82.69    84.37 
193212   10.15    11.06    39.53    96.78   114.52 
193301    6.06    10.11    44.68   113.81   117.00 
193302   14.67    16.12    48.80    95.66   121.43 
193303    8.83     8.91    64.57    98.79    99.80 
193304   24.18    36.47    61.02    93.64   106.03 
193305   32.75    37.50    67.52   111.32   116.49 
193306   14.74    15.49    51.81    98.81   103.42 
193307   13.08    16.76    51.72    93.24    96.62 
193308   14.27    16.46    46.57    86.19    94.56 
193309   10.89    14.90    42.29    91.03    99.74 
193310   18.14    18.43    48.93   103.34   127.13 
193311    5.38    17.03    44.92    75.88    86.01 
193312   13.01    16.47    43.59    77.66    89.15 
193401    6.91     8.83    37.86   109.75   149.48 
193402    8.88    11.56    42.13   100.40   152.78 
193403   30.44    33.49    63.67    95.59    98.60 
193404   32.93    35.61    68.61    98.01   112.69 
193405   27.89    41.00    65.12   105.77   117.80 
193406   15.11    15.30    41.91   118.16   136.67 
193407   17.12    22.41    56.08    94.19    98.50 
193408   10.84    18.96    50.30    98.41   101.93 
193409    8.45    12.03    31.41    78.71    84.19 
193410    8.25    16.95    33.24   105.31   113.24 
193411   15.83    23.60    42.73    78.87    98.04 
193412   13.82    14.54    41.02    93.34    93.93 
193501    8.44     8.45    39.18    77.57    85.80 
193502   11.75    12.66    42.14    87.15   101.85 
193503   36.39    37.76    60.87    80.82    89.08 
193504   15.41    27.90    65.34   107.37   112.45 
193505   25.33    26.62    75.08   124.64   125.58 
193506   14.94    19.60    48.93    72.13    86.20 
193507   13.17    14.26    52.65   104.02   145.71 
193508   19.97    20.13    47.15    94.43    96.25 
193509    8.92    13.32    48.16    84.73    87.51 
193510    4.76    13.65    47.75    88.53   101.21 
193511   11.90    16.46    45.90    87.20    96.38 
193512   16.35    18.20    42.03    94.45    96.03 
193601    9.84    17.16    47.17    96.79   112.73 
193602    5.80    11.42    44.31    84.87    96.19 
193603   17.14    19.99    65.45   116.81   121.21 
193604   27.85    28.11    58.94    84.89   109.21 
193605   17.49    22.24    63.24   100.88   109.72 
193606   16.09    16.73    41.38    78.02    80.90 
193607   14.18    15.58    45.79    84.66    88.88 
193608   12.30    16.46    49.17    80.92    86.56 
193609    4.48     8.58    38.49    73.47    81.67 
193610    7.79    13.68    39.91    79.18    87.79 
193611   10.57    11.43    43.34    72.07    80.77 
193612   12.96    20.08    44.64    91.65    92.03 
193701    9.13    13.84    49.04   101.73   113.25 
193702    3.33     6.15    38.38    85.65   117.08 
193703   30.36    33.35    56.29    91.25    91.54 
193704   33.07    37.35    66.30   102.73   114.01 
193705   18.28    24.10    64.05   101.00   132.57 
193706   15.39    15.63    49.72    86.21    96.75 
193707   27.04    29.06    52.75    86.85    88.19 
193708   10.31    14.73    51.55    76.81    77.34 
193709   14.68    14.92    39.60    79.03    98.24 
193710    7.45    12.58    41.23    78.23    90.31 
193711    4.75    16.77    43.46    68.36    70.07 
193712   10.35    16.86    54.10    94.38   110.31 
193801   16.60    16.96    44.90   128.00   132.12 
193802   10.65    12.26    53.95    84.27   113.47 
193803   22.30    30.79    64.25    98.16    98.76 
193804   26.11    30.72    64.98    95.12   101.94 
193805   35.00    36.74    54.77    99.37   133.20 
193806   16.18    17.00    36.84    85.83    89.30 
193807   22.58    25.91    52.71   100.01   100.66 
193808   18.73    20.21    51.16    85.03    89.39 
193809    8.75    16.33    40.81    84.78    85.94 
193810    8.28    12.53    44.68    83.53    86.18 
193811   20.16    21.04    42.51    89.66   107.56 
193812   26.82    32.25    50.47    85.67    89.09 
193901    0.94     9.05    42.55    80.23    80.77 
193902   12.26    15.84    39.81    71.43   103.90 
193903   15.94    23.87    59.10    90.25    91.18 
193904   36.64    41.48    64.59   102.82   105.63 
193905   26.85    30.26    67.25   102.52   109.86 
193906   12.53    16.43    40.88    73.47    80.92 
193907   20.02    21.07    52.66    92.11    93.15 
193908   17.77    18.00    51.00    82.49   109.09 
193909   10.34    10.46    36.80    85.92    88.22 
193910    7.12     7.46    37.29    91.77   107.22 
193911   11.12    16.86    44.62    75.99    78.03 
193912   16.02    19.80    53.73    88.32   125.08 
194001   12.08    13.17    41.81    92.02    97.87 
194002    8.30    10.16    35.20    76.11    96.62 
194003   18.22    26.28    58.97    93.30    99.66 
194004   16.26    31.49    67.16   115.69   124.54 
194005   29.59    36.72    63.19   101.74   102.53 
194006   12.41    14.16    46.93    95.86   104.46 
194007   17.57    19.19    45.87    78.41    79.63 
194008   16.82    17.87    52.21   120.26   123.78 
194009   14.09    14.87    37.51    81.58    89.49 
194010   11.49    11.85    45.08    98.33   120.45 
194011   15.76    16.52    41.23    79.04    81.99 
194012   22.26    22.44    45.58   104.05   107.47 
194101   11.10    11.46    49.27    95.79    99.93 
194102    6.02     8.96    51.38    91.37    99.79 
194103   21.24    26.10    51.62    89.74   100.77 
194104   31.93    39.51    64.97    91.20   105.37 
194105   15.89    32.08    64.08   105.13   112.55 
194106   11.82    16.93    46.27    89.75   101.69 
194107   20.17    28.41    52.06    94.74   111.34 
194108   14.25    15.45    51.20    82.31    98.77 
194109    9.90    13.17    39.35    87.11   105.59 
194110   10.47    13.09    43.75    78.49    81.78 
194111   18.50    19.24    50.11    82.88    85.98 
194112    4.68    13.83    48.17    86.32    94.64 
194201   10.32    18.03    36.22    85.55   111.62 
194202    7.80     8.55    42.52    72.62    74.37 
194203   25.28    30.89    60.88    83.26    93.09 
194204   19.77    29.57    65.75   104.05   109.10 
194205   20.53    26.77    61.71   105.84   107.40 
194206   20.57    22.68    40.28   100.64   107.26 
194207   17.26    18.74    45.79   103.95   117.46 
194208   21.85    23.93    50.00    87.76    98.03 
194209    6.13     8.22    44.36    77.12    88.52 
194210    7.64    10.49    43.40    80.37   104.84 
194211   13.06    16.39    46.91    84.17    85.03 
194212   18.69    19.40    48.38    93.30   102.12 
194301    9.75    20.94    44.36    93.41    96.25 
194302    6.07     7.64    45.32    78.22    79.79 
194303   16.81    24.90    61.97    97.38   103.57 
194304   20.31    23.62    62.35    97.53    99.92 
194305   21.12    27.74    69.74   111.33   118.32 
194306   12.96    16.76    51.45    94.43    96.17 
194307   12.41    21.45    39.15    89.34    89.60 
194308   19.92    20.22    45.53    78.20    82.42 
194309    6.41    10.74    40.68    82.66    92.24 
194310   11.50    12.81    38.40    72.22   108.41 
194311    9.34    13.04    42.09    73.49    87.24 
194312   18.72    24.20    49.23    98.17   108.60 
194401    8.43    12.74    42.45   124.69   142.62 
194402    9.41    10.08    43.23    93.98   135.39 
194403   24.71    37.66    65.17    91.07    92.63 
194404   27.15    34.55    62.36    98.04   102.26 
194405   29.26    31.81    71.70   123.42   153.23 
194406    6.66    17.19    41.11    85.97   107.60 
194407   11.88    15.48    54.03   109.70   127.13 
194408   11.04    14.59    50.32    90.03    91.83 
194409   16.29    16.60    37.43    92.89    98.24 
194410   13.18    14.91    39.24    91.32    96.12 
194411   21.93    24.04    47.98    85.82    85.84 
194412   19.38    22.62    48.13   120.66   120.89 
194501   10.80    12.03    40.24   100.13   113.08 
194502    5.05    10.14    47.47    78.18    86.71 
194503   25.56    27.80    52.96    84.61    99.44 
194504   24.61    31.25    62.89   116.80   118.47 
194505   18.12    28.82    66.32   106.40   134.84 
194506    6.37     9.54    39.49    94.02    97.94 
194507   16.29    17.04    44.22    83.24    88.37 
194508   15.41    16.32    45.00    91.03    95.67 
194509    6.44     9.85    34.93    59.72    60.92 
194510    7.63     7.81    40.90    76.40    79.85 
194511    5.27     6.03    42.31    78.44    80.52 
194512    6.22    11.93    38.42    79.44    86.37 
194601    6.38    14.41    37.53    98.56   121.32 
194602    7.90     9.90    42.66    84.17   106.52 
194603   26.45    29.05    55.35    88.61    90.11 
194604   19.38    19.87    66.73    98.04   114.55 
194605   24.68    31.23    74.68   109.73   121.00 
194606   12.60    15.01    47.32    92.63    96.80 
194607   18.76    23.27    53.51    87.87    97.88 
194608   23.34    25.15    51.91   101.14   102.90 
194609    6.40     6.85    31.66    75.33    87.50 
194610    9.41    14.26    40.11    87.23   102.23 
194611   12.13    14.59    48.93    89.38   103.44 
194612   12.46    16.91    47.70    93.96   105.00 
194701    9.06    14.74    34.37    79.70   119.04 
194702    6.58     7.55    41.44   108.97   112.93 
194703   32.48    35.40    60.31    85.90    92.61 
194704   23.92    25.09    63.76   105.17   105.45 
194705   23.60    29.06    59.40    99.48   104.52 
194706   15.20    22.31    45.63    87.89   105.98 
194707   19.76    21.06    49.68   103.82   109.68 
194708   14.67    17.46    46.63    79.79    86.00 
194709    3.93     5.68    33.43    70.83    93.58 
194710    9.03    11.16    41.63    83.10    97.92 
194711   10.17    13.80    46.54    78.53    93.29 
194712    9.53    13.36    37.38    86.74   112.96 
194801    8.01     8.44    40.18   122.87   130.61 
194802    8.93    16.27    42.14    95.06    96.66 
194803   22.21    22.48    69.21    96.50    97.12 
194804   20.10    26.42    61.33   106.05   106.83 
194805   19.38    21.46    61.88   103.42   127.78 
194806   17.14    22.40    45.50    92.15   102.52 
194807   18.27    21.66    54.97    86.50    87.40 
194808   15.05    19.30    41.34   107.26   112.00 
194809    4.84     9.93    45.45    68.84    78.53 
194810    5.43    10.07    43.38    98.61   102.78 
194811    9.10    11.93    47.12    84.13    86.37 
194812    7.46    13.65    45.58    78.94    85.66 
194901   11.81    16.24    45.85    98.16   110.44 
194902    7.93     8.39    38.69    79.91    82.61 
194903   29.80    31.27    59.40   107.95   117.82 
194904   25.95    31.35    67.24   100.64   119.52 
194905   31.71    32.27    71.00   106.89   112.70 
194906   19.72    21.47    44.74    77.69    81.03 
194907   19.77    22.28    45.87   111.28   126.45 
194908   11.11    15.85    39.80    80.00    91.56 
194909   10.09    12.26    43.16    91.59    94.31 
194910   14.86    14.99    45.86    78.61    85.86 
194911   12.42    18.66    48.82    86.96    88.17 
194912    9.81    20.66    52.36   104.78   156.59 
195001    9.79     9.91    35.68    97.18   188.65 
195002   12.41    15.34    47.63    91.94    98.31 
195003   14.30    20.75    57.20   101.73   115.12 
195004   18.06    34.30    64.32    97.23   108.57 
195005   18.96    21.02    61.14    96.79    97.55 
195006   11.97    14.81    39.96    72.67   123.43 
195007   15.02    18.97    50.64    84.85    87.19 
195008   14.99    17.29    44.99    93.51    98.52 
195009    8.69     9.61    40.85    88.36    90.12 
195010   22.74    25.12    46.14    72.47    79.50 
195011    8.17    12.04    46.06    76.32    89.03 
195012   11.17    13.91    42.08   103.44   107.08 
195101   16.59    17.74    35.31    92.69    94.32 
195102   11.85    16.25    43.68   112.36   126.56 
195103   30.66    32.83    56.28    92.13    96.31 
195104   14.42    20.81    59.84    97.16   101.79 
195105   12.51    26.74    70.33   113.32   113.42 
195106   12.24    13.33    44.54   103.27   103.53 
195107   23.92    34.05    53.29    84.16    93.04 
195108   15.91    16.87    40.26   103.92   105.13 
195109    4.83    14.69    40.20    77.78    78.74 
195110    3.78     7.91    39.39    75.89    88.41 
195111    6.21    14.67    39.92   102.94   117.71 
195112   16.73    17.36    48.36   103.02   148.40 
195201   12.61    19.01    48.12    95.32   138.56 
195202    9.22     9.62    44.93    87.90   103.70 
195203   24.03    25.24    63.22   108.90   116.70 
195204   23.19    40.48    66.94    96.78    97.67 
195205   22.91    33.57    71.77    93.69   103.58 
195206    9.08    11.42    48.02   104.13   111.85 
195207   20.47    21.07    50.09    89.29   100.74 
195208   16.98    18.63    43.80    84.89    88.56 
195209    4.78     9.85    32.11    86.01    90.09 
195210    5.94    14.48    37.55    72.87    76.38 
195211    9.14    10.88    35.93    75.16   131.74 
195212   21.89    22.19    51.11    87.82    93.95 
195301    6.49     8.62    43.50   102.58   127.17 
195302    9.68    13.29    41.19    97.06   117.31 
195303   17.98    35.85    59.00    96.27    99.45 
195304   20.14    23.19    63.52   109.66   116.96 
195305   24.51    31.25    63.77   117.95   133.73 
195306   15.75    22.89    40.42    81.28    99.84 
195307   15.17    19.35    45.28    98.56   106.63 
195308   22.12    22.90    46.94    98.56   102.96 
195309    7.37     8.87    38.26    89.85   114.25 
195310    5.06    17.32    43.51    92.87   106.25 
195311    8.76    21.45    43.75    81.37    93.14 
195312   10.71    15.79    42.27    83.32    85.88 
195401    7.93    10.66    40.06   117.57   140.60 
195402   10.40    14.19    39.72    76.84    87.77 
195403   26.15    30.96    60.42   107.50   114.12 
195404   28.96    32.51    69.75   107.83   109.94 
195405   17.94    35.24    64.93   112.71   113.43 
195406   10.59    18.71    47.94   116.82   117.98 
195407   11.93    18.91    45.92    82.76   100.18 
195408   16.44    20.99    49.86    91.18   110.53 
195409    7.99     8.76    41.52    79.16    85.14 
195410   16.40    16.60    47.60    83.41    87.94 
195411   14.73    18.77    48.55    89.90    95.13 
195412    4.78    20.63    41.18    93.49    95.70 
195501    6.99    15.22    51.78    84.81   113.37 
195502   19.88    20.33    39.89    80.41    82.31 
195503   32.57    33.55    57.89    84.72    99.11 
195504   20.90    33.36    59.50   105.12   106.35 
195505   24.22    26.39    70.40   118.06   121.72 
195506    9.93    10.67    43.16    81.76    84.24 
195507    8.04    15.56    42.51    80.23    82.30 
195508   15.88    21.96    44.84    82.29    93.06 
195509    5.00    10.64    36.73    67.94    96.15 
195510   17.61    18.48    50.37    81.78   111.07 
195511   22.12    24.42    46.40    83.68   108.85 
195512   18.00    19.61    40.46   111.61   119.29 
195601   13.29    14.45    47.02   102.69   108.09 
195602    4.99    17.47    47.40   105.26   116.47 
195603   29.76    33.47    60.87    98.09   105.13 
195604   31.10    32.10    65.92   107.68   112.70 
195605   31.76    32.06    63.13   103.32   120.25 
195606    7.62    21.89    43.99    78.25    79.04 
195607   17.18    19.26    44.90    90.36   104.89 
195608    9.07    13.34    43.87    82.91   102.80 
195609    4.88     6.15    32.59    66.18    85.67 
195610    3.31     6.47    37.66    78.49   107.99 
195611   15.47    18.75    42.99    86.44   103.76 
195612   14.16    14.30    47.99   100.79   116.02 
195701    1.81     7.75    43.05   107.28   114.92 
195702    9.38    20.25    39.25    87.88   100.96 
195703   24.15    28.37    52.47    78.71    96.94 
195704   17.35    21.80    57.58    95.62   103.69 
195705   26.68    26.73    61.23   104.45   144.84 
195706   21.95    25.16    45.49    86.39    88.60 
195707   21.70    22.86    50.43    98.17   109.36 
195708   13.13    15.74    45.65    86.41    88.94 
195709   13.65    16.79    36.71    77.62    83.61 
195710   10.82    13.61    45.59    79.43    84.43 
195711   16.13    20.19    44.60    91.17   103.32 
195712    5.25     7.78    47.11    95.93   111.42 
195801    7.21    11.48    45.77    99.19   111.11 
195802   16.87    20.03    47.19    94.86    97.17 
195803   25.59    27.24    65.41    98.01   101.19 
195804   20.59    21.58    56.44    86.53    89.84 
195805   19.36    35.34    61.27   129.73   131.30 
195806   14.63    15.47    35.02    76.86    81.90 
195807   14.38    18.86    48.98    77.33    88.38 
195808   11.52    19.99    48.26    76.34    79.50 
195809   15.93    16.50    36.66    66.03    84.67 
195810    8.38     8.86    40.20    97.02   105.89 
195811   18.52    19.99    45.19    77.63    79.49 
195812   13.22    15.99    41.15    98.49   100.16 
195901    7.31    10.69    37.60    94.09   140.95 
195902    4.65    19.72    41.09    81.94   113.62 
195903   23.39    24.28    59.92    86.90    87.57 
195904   24.28    30.27    67.52    95.93    97.75 
195905   31.49    35.62    59.19   102.73   109.10 
195906   11.41    14.34    43.46    87.20    95.20 
195907   22.62    24.29    59.14    90.32    95.61 
195908   10.50    16.64    46.29    89.79   102.92 
195909    7.53    10.68    41.58    91.32   122.94 
195910    5.48    13.21    41.43    92.40    95.88 
195911    8.89    17.47    48.00    95.13    95.96 
195912   18.55    20.43    52.27    96.77   112.75 
196001    6.47    13.60    47.85    90.88   101.74 
196002   15.24    16.96    40.48    96.27   101.61 
196003    5.58    15.42    56.26    86.26   108.31 
196004   21.05    37.28    66.94    93.17   102.20 
196005   17.55    27.50    60.79   103.45   130.34 
196006    8.85    22.32    50.08    70.70    83.07 
196007   17.26    26.33    49.94    80.63   106.22 
196008   12.13    16.59    40.55   100.66   102.80 
196009    8.31     9.89    31.31    59.70    86.89 
196010   12.51    13.71    46.92    90.11    92.07 
196011    8.61    15.08    47.73    80.20    90.44 
196012   15.24    17.56    50.36   103.79   125.84 
196101    6.43    11.48    38.24    83.96    97.86 
196102    1.86    10.93    42.47    85.57   130.68 
196103   30.09    33.01    58.18    94.76    98.46 
196104   28.04    32.05    62.35   100.58   108.22 
196105   12.05    27.00    69.17   106.10   107.19 
196106   13.50    17.06    43.41    93.75   124.43 
196107   21.36    23.95    48.30    81.40    86.48 
196108   10.21    18.87    54.36    96.32    96.83 
196109    5.83    10.55    41.70    75.78    93.12 
196110    8.77    13.81    39.98    70.76    71.66 
196111   12.25    12.90    42.54    83.11    99.40 
196112   16.97    17.30    50.56    99.83   116.84 
196201    5.49     6.33    27.56    85.67   106.35 
196202    5.78    13.85    39.27    83.92    90.63 
196203   22.96    29.47    59.86    84.04    85.03 
196204   18.71    19.57    60.29    99.57   101.42 
196205   27.40    32.03    54.32   101.34   127.58 
196206   17.99    19.75    38.17    96.74   111.26 
196207   17.71    20.89    47.68    87.16    93.23 
196208   10.07    10.93    50.92    85.11    94.30 
196209   11.01    12.84    43.31    82.11   100.00 
196210    8.30    13.01    51.24    83.67    90.41 
196211   14.31    18.24    49.84   103.04   110.32 
196212   12.68    22.59    46.95    83.56    99.26 
196301    6.83    10.68    46.34   148.86   190.74 
196302    3.27    16.85    44.94    72.79    89.99 
196303   35.28    37.55    58.76    97.27   106.43 
196304   17.44    28.32    65.70    90.06    91.57 
196305   25.73    31.24    65.61   104.96   105.34 
196306   13.67    16.05    46.33    88.47    98.05 
196307   11.86    22.73    55.14    92.79    94.98 
196308   15.50    24.77    57.12    81.25   102.29 
196309    9.48     9.66    40.60    87.46    90.42 
196310   14.75    14.88    47.77    81.92    84.36 
196311    8.90    13.44    48.96    80.21    90.67 
196312    9.78    27.32    47.51   100.73   109.66 
196401   10.24    16.27    33.93   110.71   111.00 
196402    8.74    19.81    35.20    92.57   112.19 
196403   20.71    28.35    66.90   102.78   111.26 
196404   16.50    35.85    60.63    99.84   105.06 
196405   31.48    36.36    68.96   110.70   138.16 
196406   19.67    19.70    52.44    84.46   106.39 
196407   18.21    18.93    48.68    82.19    90.78 
196408   14.64    20.31    44.38    87.99    89.00 
196409    7.12     7.48    40.19    70.95    73.96 
196410   13.28    15.45    44.11    84.37   107.53 
196411   13.14    25.27    48.67   103.04   103.28 
196412    6.22    14.23    46.83    99.28   117.17 
196501   12.55    13.76    37.90    88.94   122.38 
196502   12.63    14.42    49.71   105.02   105.70 
196503   21.02    25.77    58.04    93.10    95.73 
196504   24.15    29.71    58.78    89.33   112.59 
196505   16.50    34.34    70.86   114.88   118.24 
196506   18.49    22.63    47.89   103.05   112.35 
196507   16.75    21.51    46.20    98.40   118.76 
196508    4.98    19.75    47.08    87.37   112.31 
196509    4.87     8.26    35.99    71.87    73.91 
196510    5.61    10.51    37.59    82.12    89.70 
196511   12.05    17.61    40.19    70.83    77.28 
196512   11.57    23.82    47.73   101.27   114.19 
196601    4.91    10.18    45.31    68.35    72.04 
196602    8.84    10.23    45.87    82.13   104.19 
196603   24.78    29.92    54.41    90.21   116.31 
196604   28.98    36.99    58.30    88.86    96.12 
196605   17.05    28.87    61.96   114.11   117.63 
196606   11.15    11.30    45.71    79.94    88.46 
196607   17.48    18.43    52.10    99.64   101.34 
196608   10.07    12.30    39.66    75.36    92.57 
196609    6.49     9.37    31.02    72.55    91.19 
196610   10.77    14.16    47.41    72.09    74.54 
196611   14.24    24.26    46.47    89.69   100.52 
196612    6.46     7.12    42.50   110.06   110.89 
196701   10.35    16.74    45.13    99.61   134.30 
196702    0.74     3.45    42.57    99.77   111.45 
196703   27.78    29.93    59.59    94.46   100.72 
196704   22.25    27.95    58.30   111.08   114.17 
196705   25.07    30.19    61.59   105.40   105.88 
196706   12.84    16.79    41.09   106.42   113.20 
196707   12.05    17.40    37.52    80.86    87.37 
196708   14.63    22.99    44.09    78.27    88.87 
196709   12.01    16.26    39.03    74.04    94.19 
196710   18.83    20.10    44.37    76.90    89.59 
196711   12.15    17.96    45.43    80.17    83.78 
196712   16.47    17.52    40.46    81.55   122.93 
196801    5.05     6.38    38.07    82.39    95.89 
196802    4.74    12.64    36.93   105.52   106.66 
196803   30.92    32.58    57.08   105.97   117.87 
196804   30.46    31.84    65.20    92.85    97.64 
196805    9.24    21.51    67.16   125.21   129.06 
196806   17.50    18.87    40.49   103.25   103.28 
196807   16.98    20.82    46.33    94.97   100.81 
196808   15.12    16.51    48.43    87.57    88.69 
196809    9.46    10.42    38.07    86.95    88.57 
196810    6.44     7.09    44.14    72.22    83.89 
196811   22.18    23.16    42.93    80.76    81.56 
196812   11.33    11.74    43.96    82.45   140.69 
196901   15.96    18.10    38.87   112.11   114.33 
196902   18.46    19.94    44.72   112.56   128.16 
196903   24.65    25.81    61.07    98.47   107.58 
196904   37.77    40.16    71.86   108.94   109.17 
196905   25.24    33.05    67.92   127.56   128.26 
196906   18.34    19.36    43.18    95.25    98.25 
196907   19.63    19.66    52.04    98.96   109.57 
196908   11.27    17.49    55.78    90.01   101.10 
196909    7.81     9.89    33.67    83.35    92.99 
196910    7.58     8.36    50.92    90.95   126.09 
196911   10.11    15.91    50.67    78.85    88.69 
196912   17.49    18.92    44.04    80.26   101.62 
197001    6.07     9.41    42.71    86.09   124.89 
197002    8.55    13.62    44.19    93.73   136.72 
197003   21.72    31.80    62.40    91.84    93.35 
197004   32.24    32.60    61.66   102.21   109.17 
197005   20.32    24.37    65.91   108.15   143.36 
197006   13.16    20.65    46.24    77.81   103.95 
197007   11.96    14.55    52.75    89.71    92.75 
197008    9.06    11.62    41.32    92.47    99.05 
197009    7.30     8.65    38.81    96.59   107.53 
197010   15.93    19.64    36.29    92.24    95.51 
197011   10.49    16.56    41.90    70.93    78.54 
197012    5.40    14.31    44.08   103.01   141.62 
197101    7.90     9.80    47.34    82.02    88.22 
197102    7.88    12.77    44.87    78.92   146.00 
197103   31.05    31.61    57.71   104.28   121.69 
197104   19.91    32.30    63.18   101.07   122.14 
197105   17.69    39.99    67.81   112.77   115.17 
197106   13.79    18.30    47.40    71.75    81.41 
197107   21.08    22.30    50.64    72.94    98.64 
197108   14.63    17.05    49.13    87.37   119.33 
197109    5.71    10.28    41.08    69.61    86.45 
197110   15.37    19.69    44.52    74.19    89.74 
197111   12.22    20.35    49.54    89.68   134.33 
197112   17.03    17.86    50.05    77.19   102.57 
197201   18.53    20.55    42.85    92.30   123.29 
197202   16.83    21.12    45.32    84.72   117.99 
197203   22.89    27.84    61.47    95.12    99.18 
197204   17.28    35.47    62.10   101.33   118.26 
197205   27.06    32.86    61.83   108.56   120.52 
197206   19.24    21.14    42.80    89.91    90.88 
197207   16.16    18.11    53.21    83.94   106.26 
197208   18.77    19.33    40.69    73.52    79.66 
197209    8.22    11.06    32.75    69.96    79.28 
197210    8.80    15.57    36.96    66.31    71.32 
197211   12.29    23.48    52.70    74.15    87.78 
197212   12.88    14.63    47.30    92.07    98.78 
197301   12.40    14.56    38.89    75.01    99.51 
197302   11.60    16.07    51.61    88.81   110.47 
197303   23.49    23.73    62.14    92.87    99.80 
197304   29.67    34.68    66.08    95.73   101.59 
197305   23.04    25.98    59.89    99.83   103.63 
197306    7.93    12.43    40.91    79.11    79.12 
197307   15.79    23.85    54.72    90.17   104.95 
197308   17.37    17.82    43.90    88.63    89.52 
197309   12.80    15.50    42.23    74.50    77.84 
197310    5.28    12.07    38.50    87.77   118.54 
197311   17.44    18.21    48.55    83.01   113.24 
197312    9.81    10.07    51.24    94.59    97.78 
197401    6.20     7.20    45.89    80.11    84.01 
197402   10.07    18.53    37.40   101.80   149.20 
197403   29.47    37.45    61.42   106.22   121.60 
197404   21.56    32.31    63.94   107.06   111.99 
197405   22.22    28.28    59.04    96.98    99.74 
197406   25.05    27.36    47.05    82.92   103.27 
197407   20.13    21.40    52.09    89.22    95.88 
197408   18.05    18.45    45.84    73.80    75.70 
197409    9.33     9.91    30.86    94.59   100.99 
197410    9.86     9.91    42.17    75.32    97.57 
197411   17.77    19.60    46.71    75.69    79.25 
197412   21.60    21.79    49.28   111.97   113.56 
197501    5.74     8.24    40.53    88.68    90.78 
197502    8.55     9.53    38.57    75.40    98.12 
197503   14.15    32.89    61.26    97.13   115.21 
197504   20.38    23.69    66.43    99.41   111.13 
197505   11.03    24.18    57.99   103.74   112.82 
197506   10.29    18.86    43.39    91.58    92.23 
197507   27.97    28.17    52.07    85.79   114.63 
197508   16.61    21.25    47.66    96.30   100.11 
197509    3.35     8.51    33.26    87.39    88.03 
197510    8.39    10.65    51.00    90.76    91.67 
197511   11.32    13.68    46.41    79.03    98.69 
197512   16.49    20.69    42.17    93.51   116.29 
197601   13.46    14.76    43.21    83.01   107.10 
197602   14.28    16.52    42.98   101.36   136.07 
197603   26.05    33.10    61.38    93.54    98.67 
197604   26.01    29.70    64.07    96.21   112.00 
197605   26.92    30.59    70.85   104.97   123.84 
197606   14.01    16.56    47.25   100.98   103.21 
197607   22.59    22.95    51.32    82.67    87.26 
197608   11.75    14.69    47.38    84.12    86.55 
197609    9.08    11.64    32.82    67.53    90.37 
197610    7.00     8.54    42.13    71.57    74.00 
197611   14.65    19.78    42.53    85.16   102.49 
197612   15.87    21.14    54.72   119.44   122.90 
197701   10.94    16.31    49.05    96.74   129.77 
197702   13.85    17.92    42.22   109.55   112.84 
197703   27.79    30.26    57.37    83.22   102.14 
197704   21.51    24.71    66.58   103.03   110.32 
197705   25.84    27.47    65.31   115.10   115.27 
197706   10.88    17.82    44.16   118.32   129.00 
197707   14.20    24.80    49.99    73.06    85.92 
197708    7.87    16.57    43.90    86.21   101.55 
197709    8.80    13.79    39.19    66.60    70.00 
197710    5.20    10.60    42.67    88.52    90.75 
197711    9.48    10.70    42.24    76.12   106.75 
197712   16.58    17.40    47.08   125.73   128.17 
197801    7.82    13.48    39.63    90.35   103.98 
197802    5.40    11.18    44.17    81.21   114.21 
197803   32.16    33.33    53.98    88.41    89.74 
197804   30.13    34.01    58.61   103.92   110.45 
197805   21.05    24.65    56.84   102.27   105.89 
197806   14.65    15.48    41.05    69.36    94.24 
197807   19.44    21.86    59.20   115.51   133.97 
197808   13.15    17.34    41.76    93.70    97.18 
197809    3.68    14.77    32.41    63.42    86.66 
197810    5.66     6.85    50.30    93.51    97.73 
197811   21.07    25.59    47.13    84.63   107.89 
197812    6.36    10.58    55.86   110.53   134.59 
197901    5.27     7.33    38.93   124.83   127.48 
197902    4.58     6.79    37.97    91.52   126.26 
197903   26.03    28.68    62.54    95.83    96.63 
197904   20.43    29.09    55.58    94.20    97.00 
197905   28.60    33.31    62.73    93.42   151.44 
197906    9.84    10.50    42.96    79.25    81.25 
197907   19.77    20.59    55.76   104.70   107.95 
197908   13.32    16.00    50.69   105.18   117.36 
197909    9.34    11.94    41.77    72.97    94.67 
197910    5.66    20.51    47.50    90.83    93.10 
197911    4.49    11.36    47.81    86.22    94.47 
197912   20.38    21.56    42.29    81.56   115.92 
198001    5.56    10.04    42.08    93.34    98.92 
198002    2.66     3.17    44.43    85.04    96.91 
198003   14.67    41.67    63.10   105.75   114.59 
198004   28.68    31.29    68.56   106.54   114.43 
198005   30.67    37.93    73.69   103.17   112.33 
198006   14.93    15.72    43.79    84.24    97.45 
198007   20.11    20.67    58.47    95.70   114.44 
198008   16.86    18.43    50.94    91.60   103.79 
198009    6.72     6.84    33.52    65.29    74.32 
198010    6.35    12.02    44.16    71.29    77.42 
198011   17.72    20.74    50.79    89.36    90.69 
198012   11.41    15.31    47.79    84.72   107.18 
198101    8.48    12.10    32.76   102.70   111.54 
198102    6.98     8.02    42.72    89.53    96.46 
198103   17.95    18.29    57.50    99.88   105.49 
198104   21.65    25.21    68.75    93.47   110.69 
198105   25.99    28.53    65.64   135.33   139.09 
198106   14.84    16.78    45.20    87.42   103.56 
198107   19.18    27.13    52.69    98.93   100.17 
198108   21.60    25.49    50.29    97.22   104.95 
198109    9.79    14.29    35.89    73.14    79.85 
198110    9.10     9.56    41.88    68.71    85.50 
198111   10.09    11.69    45.27    68.49    79.84 
198112   18.65    25.27    54.85   104.75   133.89 
198201   13.34    15.53    41.88    80.66    82.78 
198202   21.43    23.70    56.96   101.09   103.66 
198203   26.06    31.16    61.18    95.43   105.39 
198204   30.47    32.74    64.70   102.99   104.03 
198205   30.77    32.06    64.76   114.00   129.13 
198206   15.85    18.64    45.85    76.92    98.59 
198207   18.22    25.15    61.49   101.59   124.70 
198208   12.95    31.31    51.95    99.44   108.34 
198209    7.10     8.29    38.83    87.78    89.62 
198210    7.90    11.25    44.97    92.77    94.75 
198211   25.12    28.64    51.42    82.08    88.15 
198212   10.71    12.08    53.41   109.99   125.27 
198301   17.79    17.89    52.05   131.11   144.06 
198302    6.15    16.46    53.56    97.75   147.04 
198303   37.35    42.52    66.28    98.31   107.45 
198304   30.09    33.26    68.01   103.66   104.75 
198305   20.27    31.13    70.65   107.37   120.76 
198306   18.49    19.32    47.75    94.03   102.18 
198307   18.98    20.04    50.70    80.11    84.17 
198308   18.78    19.13    40.73    81.90    87.80 
198309    4.72    14.16    41.67    76.09    94.31 
198310    8.68    13.34    37.52    68.68    79.67 
198311   18.03    23.46    49.16    82.10    88.58 
198312    3.88    11.26    43.82    87.55   138.55 
198401    8.08    12.43    44.76   110.09   118.15 
198402    3.30     9.94    40.98    73.69    94.26 
198403   30.10    34.03    56.81    86.47    86.93 
198404   30.84    42.90    72.31   113.02   123.37 
198405   23.54    32.12    57.71   104.21   111.90 
198406   10.56    15.82    40.38    75.74    77.57 
198407    8.88    11.85    51.88   108.38   155.49 
198408   12.17    14.78    48.10    86.84    96.53 
198409    5.64    11.57    35.69    78.27    78.39 
198410   13.36    13.40    38.98    85.64   103.19 
198411   14.58    16.72    39.14    74.43    86.80 
198412   10.40    13.09    40.81   120.69   131.08 
198501   14.80    16.88    53.14   127.26   131.30 
198502    9.88    20.93    39.28    99.26   100.82 
198503   31.80    39.38    61.61   105.52   115.67 
198504   14.93    18.36    64.70    96.76   112.72 
198505   24.58    31.37    57.77   108.64   109.87 
198506   18.20    19.18    38.35    81.98   105.21 
198507   13.21    19.30    55.32    87.60   118.23 
198508   11.97    19.63    45.35    86.34    95.10 
198509    8.00    10.44    35.51    75.10    86.74 
198510    3.97     4.41    38.02    88.14    93.47 
198511    0.53     9.26    41.82    88.78    89.99 
198512   11.85    12.22    42.81    76.35   117.80 
198601    5.16    10.14    33.47    68.82   106.80 
198602   12.57    19.91    46.29   100.16   105.72 
198603   15.24    18.57    59.43   102.79   149.35 
198604   20.24    23.28    65.90    87.73    90.33 
198605   24.14    26.51    50.70   108.37   143.35 
198606    7.82    12.27    38.38    88.61   101.92 
198607   25.03    29.27    56.40    98.75    98.85 
198608   13.73    18.86    48.75    80.12    81.59 
198609    9.89    15.53    38.99    70.57    78.11 
198610    5.79    12.15    34.15    85.26    96.42 
198611   12.37    19.40    42.60    76.03   102.63 
198612   17.46    17.50    47.04    99.98   116.00 
198701    9.58    18.23    40.84    81.19    88.90 
198702   14.99    16.82    48.96    78.66   114.57 
198703   27.27    30.72    55.43   108.03   112.50 
198704   15.67    28.37    57.38    92.06   100.54 
198705   24.14    27.45    63.21   104.99   121.65 
198706   12.19    13.73    39.89    81.13    93.49 
198707   18.74    21.22    52.94    94.79    97.86 
198708   12.37    17.20    47.59    93.42    95.85 
198709    9.19    11.63    37.77    72.26    77.90 
198710   16.23    16.99    46.09    92.78   112.07 
198711    6.02    21.00    45.85    92.66   105.03 
198712   13.05    14.60    47.78    94.75   106.31 
198801    7.35     8.59    43.26   108.38   116.77 
198802    5.17    17.52    52.44    94.42   113.47 
198803   20.08    40.44    69.15   102.29   109.72 
198804   35.72    39.17    62.63   108.36   110.08 
198805   23.99    36.68    67.25   109.62   113.62 
198806   12.50    16.75    43.46    72.10    89.52 
198807   16.86    21.49    54.51    94.69   109.23 
198808   17.97    26.11    42.14    79.38    96.03 
198809   10.96    12.17    35.68    77.51    77.80 
198810    7.46    11.85    43.38    91.97   106.46 
198811   13.55    19.45    46.45    82.70    83.06 
198812   20.95    21.39    44.49   106.45   112.30 
198901    7.67    11.13    37.83    91.59   131.68 
198902   10.88    13.19    39.58    82.29    91.47 
198903   19.83    22.94    59.01    86.25    94.74 
198904   23.54    32.42    59.97   114.82   130.18 
198905   33.72    33.82    67.95    99.02   103.27 
198906   11.87    12.21    42.01    62.31    84.54 
198907   18.60    19.94    51.99    83.35    87.89 
198908   16.30    16.83    39.50    90.92    92.54 
198909    9.75    10.61    33.82    59.45    62.26 
198910   11.98    15.34    35.12    71.08    84.42 
198911    4.36    19.49    40.62    67.28    71.76 
198912   17.61    24.97    53.88   129.22   145.21 
199001   11.58    12.26    43.43   102.82   134.66 
199002    6.36    10.42    53.66   109.54   118.60 
199003   23.50    25.82    53.92    96.47   104.56 
199004   35.06    39.16    65.24   104.05   106.66 
199005   19.22    23.17    52.68    95.93   121.12 
199006   18.51    19.02    44.16    83.03    90.10 
199007   20.32    22.00    55.20    99.25   113.48 
199008   22.32    22.78    56.22    86.28   120.71 
199009    8.74    15.26    34.22    62.68    68.20 
199010   15.89    18.78    44.01    81.10    86.58 
199011    7.73    14.95    45.24    81.39    93.69 
199012   12.03    16.83    39.91    90.95   106.08 
199101    1.59    12.48    44.01    86.88    92.95 
199102   14.29    21.94    46.83    70.64    74.31 
199103   29.75    32.37    63.31    97.28   101.98 
199104   12.87    29.11    66.99    97.26   114.02 
199105    8.80    23.28    67.00   102.05   111.85 
199106   20.89    21.62    42.09    84.82    86.49 
199107   22.10    22.91    54.05    87.28   112.01 
199108   14.20    15.01    45.69    97.03    97.81 
199109    5.60     8.72    36.32    89.72    95.75 
199110   16.16    16.54    38.48    80.92    82.40 
199111    7.76    14.27    51.40    79.66   103.03 
199112   16.88    22.91    43.12   106.23   112.64 
199201    8.71     9.51    39.16    88.77   119.80 
199202   10.69    14.28    49.04   123.52   130.67 
199203   33.16    37.71    59.72    80.14    81.41 
199204   37.37    37.43    75.48    99.83   100.24 
199205   29.30    30.04    64.43   116.27   118.16 
199206    9.20     9.79    48.56    82.73    92.20 
199207   16.61    21.39    45.85    97.83   110.42 
199208   17.62    21.07    45.02    76.40    84.78 
199209    7.24     7.33    38.65    68.58    75.87 
199210   17.72    18.07    44.09    93.20    94.19 
199211   11.03    17.47    43.34    70.30    72.72 
199212    8.65    22.41    46.07   117.29   187.31 
199301   13.23    14.54    41.70    91.45   135.79 
199302    8.31    12.47    47.71   108.24   115.62 
199303   34.06    37.21    64.44    85.78    88.84 
199304   33.09    38.51    73.57   112.49   117.69 
199305   15.55    39.36    68.58   123.10   126.25 
199306    4.71    17.90    41.94   103.40   108.31 
199307   26.87    28.47    53.11   101.97   105.29 
199308   10.49    20.19    45.51    74.20    90.02 
199309    6.16    11.24    41.54    72.75    78.49 
199310    9.06    11.93    45.88    76.35   104.85 
199311   12.40    13.34    39.46    86.67   124.95 
199312   10.13    12.11    41.57   120.85   158.12 
199401    6.01     7.37    40.88   106.16   151.70 
199402    7.17    10.42    36.62    82.85    82.94 
199403   20.28    21.46    63.02   107.86   117.80 
199404   24.33    29.40    59.98    93.45   101.14 
199405   23.75    26.13    56.96   128.30   132.00 
199406    9.52    12.05    41.38    91.21    98.89 
199407   19.17    22.17    49.67    89.69    92.28 
199408   22.55    26.09    55.13   101.12   102.73 
199409    6.71    13.20    37.52    74.36    78.79 
199410    9.94    13.20    39.86    72.64    92.45 
199411   16.90    17.99    41.14    74.07    77.75 
199412   19.07    20.54    46.31   108.30   116.02 
199501   14.88    18.61    46.89    81.18    95.28 
199502   10.13    14.37    38.20    96.49   139.20 
199503   23.38    42.51    63.07    96.65   104.71 
199504   28.36    30.86    57.37    88.73    96.44 
199505   12.59    24.82    63.55   126.68   140.32 
199506    4.54    11.09    47.56   106.25   111.61 
199507   22.42    33.46    58.24   113.74   116.39 
199508   17.50    20.36    44.48    80.60    85.61 
199509   12.94    13.98    37.07    68.05    79.38 
199510   18.96    20.02    53.39    86.89    92.01 
199511   12.13    13.55    48.69    78.26    81.08 
199512   11.53    16.14    40.62    83.49    84.20 
199601   11.82    13.52    41.44   101.54   111.55 
199602   13.07    16.22    39.91    95.52    96.42 
199603   20.94    28.70    58.04   104.97   115.34 
199604   18.83    38.90    67.42    93.72    94.75 
199605   13.23    17.83    63.16   105.02   111.79 
199606   12.71    14.86    33.20    98.63   120.18 
199607   23.11    25.70    56.21    97.38   120.12 
199608   18.40    20.48    45.34    78.62    98.13 
199609    9.94    10.88    37.00    92.02   101.74 
199610    7.77     9.38    39.27    80.95    93.52 
199611   26.77    27.70    54.79    80.39    81.72 
199612   14.93    24.36    52.29   118.98   151.26 
199701    5.77    12.12    50.14    84.63   123.30 
199702   19.38    20.81    52.18    88.25    90.48 
199703   28.15    35.30    61.98    98.16   108.49 
199704   37.38    40.49    68.58    96.57   101.84 
199705   38.68    41.23    67.59   109.63   111.66 
199706   12.47    16.45    49.35    97.35    98.99 
199707   20.72    25.60    55.03    98.91   107.23 
199708   13.60    19.32    48.00   102.15   102.26 
199709    6.66     7.06    37.59    72.66    76.13 
199710   12.95    20.35    40.19    95.24   109.91 
199711   13.88    17.64    47.17    75.53    79.02 
199712   21.09    25.13    41.03   105.86   113.20 
199801    6.13    10.96    48.58    83.09   123.84 
199802   23.24    23.63    36.91    81.15    98.72 
199803   16.30    21.22    70.82    96.46   100.64 
199804   28.81    36.63    66.78   100.95   102.96 
199805   23.62    23.69    69.49   102.39   120.37 
199806   13.03    13.20    48.05    86.23   124.75 
199807   22.13    24.01    52.42    94.61   103.10 
199808   10.49    15.20    53.08    92.79    98.89 
199809    7.11     8.67    37.97    70.49    78.81 
199810    5.89     7.83    40.07    84.80    96.29 
199811   14.22    16.20    48.91    87.67   104.48 
199812   15.85    22.15    46.99   100.79   109.01 
199901   10.92    11.13    41.41    81.01    81.95 
199902    2.55    11.02    43.54   113.45   131.88 
199903   22.91    23.29    63.07    93.30    99.48 
199904   41.02    42.02    71.32   101.40   108.89 
199905   15.23    19.89    65.40   111.33   115.25 
199906   15.80    16.47    41.79    92.18    98.13 
199907   19.98    20.82    51.77   105.87   119.56 
199908   12.99    16.01    49.28    93.54   100.88 
199909    7.44     9.26    40.83    81.42    97.07 
199910    8.43    18.24    43.46   103.60   117.92 
199911    1.61    10.43    45.39    80.71    89.02 
199912    4.52    11.00    50.46    97.61   116.30 
200001    4.25    18.07    49.66   118.62   129.59 
200002   12.22    14.77    42.16    95.65   125.61 
200003   22.51    23.62    57.84    83.42    88.39 
200004   14.74    28.67    63.72    88.94    90.99 
200005   27.10    27.52    66.57    96.44   101.67 
200006   12.16    14.23    42.51    68.80    89.51 
200007   20.75    26.89    54.05    93.53    96.74 
200008   16.33    20.11    52.53    98.85   101.06 
200009    5.19    10.28    38.25    87.89    89.22 
200010   12.96    15.25    43.64    70.74    78.72 
200011   10.92    17.96    50.69    89.91    91.25 
200012   16.39    19.51    51.12   104.33   150.32 
200101    7.10    12.25    43.11    93.26    98.16 
200102    5.30    11.90    44.24    85.76    86.50 
200103   26.18    30.40    52.51    82.75    87.10 
200104   25.43    30.47    64.63    99.92   107.82 
200105   14.97    30.31    62.22   124.69   127.62 
200106   15.66    20.08    38.81    80.31    82.39 
200107   22.19    24.33    52.23    86.42    91.15 
200108   13.82    14.12    46.35   104.44   106.29 
200109    8.77    10.01    36.54    82.02    86.52 
200110    5.14    10.43    44.75    85.75    87.17 
200111    9.76    13.76    44.25    72.88    76.05 
200112   14.12    22.82    45.01   112.69   154.00 
200201   10.33    21.77    44.66   102.76   104.73 
200202   10.02    14.80    39.56    89.17    93.52 
200203   22.71    29.55    63.77   106.46   133.98 
200204   10.84    21.06    58.23    97.34   106.71 
200205   27.76    29.15    60.28    87.78    92.08 
200206    9.97    15.73    45.10    73.16    78.92 
200207   21.93    23.32    49.19    85.47    85.91 
200208    9.30    16.70    49.43    86.86    96.50 
200209    8.25     8.42    38.49    89.68    94.88 
200210    7.55    10.36    44.92    81.22    93.89 
200211   17.83    17.88    49.24    90.09   107.72 
200212   10.66    18.81    47.94   101.12   111.73 
200301    4.39    12.58    55.49   101.91   120.33 
200302   15.42    21.99    53.36    97.33   116.28 
200303   25.65    28.58    63.82    87.82    96.80 
200304   28.50    34.36    66.94    92.35   131.98 
200305   23.23    27.13    68.28   132.40   132.81 
200306   12.47    14.61    41.11    91.11   101.52 
200307    5.42    21.67    51.69    98.05   104.47 
200308   13.50    14.22    46.60    89.71   101.64 
200309   10.02    10.17    39.38    88.04    99.65 
200310    9.82    25.54    49.80    84.67   111.89 
200311   17.28    19.43    43.79    74.33    85.60 
200312   14.11    14.53    45.27   126.01   140.32 
200401    9.09    12.94    47.66   121.14   128.39 
200402   10.02    11.05    45.10    94.15   103.49 
200403   20.08    28.05    56.23   114.27   114.45 
200404   20.46    32.87    66.05   111.73   114.96 
200405   21.05    30.72    67.59    99.70   106.51 
200406    9.66    13.46    49.21    84.28   107.31 
200407   16.37    21.87    59.75    97.72    98.47 
200408   19.06    19.35    46.74    86.11    95.79 
200409    5.67    10.10    31.56    72.96    76.02 
200410    9.61    18.08    45.36    81.58   101.56 
200411   10.34    17.89    43.95    82.06    83.85 
200412   11.63    13.03    49.46   114.48   120.18 
200501   14.98    15.20    44.98    95.15   103.41 
200502   16.02    16.60    48.96   124.42   162.42 
200503   17.29    29.74    63.87    96.54    98.34 
200504   16.99    25.38    61.80    94.03    96.58 
200505   15.87    16.45    60.81   128.65   138.32 
200506   16.40    17.13    48.61    88.61    94.14 
200507   27.89    33.73    56.49    94.95   119.22 
200508   12.74    18.75    48.42    89.81    92.82 
200509    9.74    10.31    32.10    86.77   101.95 
200510    5.60     7.14    37.30    75.96    90.92 
200511   15.97    18.37    45.71    99.40   113.30 
200512   14.14    18.53    42.71   125.97   170.19 
200601    5.75    13.90    44.96   117.52   153.52 
200602   19.93    22.75    44.46    80.77   109.81 
200603   22.61    24.63    49.76   103.56   107.64 
200604   25.82    33.92    62.76   122.30   127.33 
200605   24.16    26.12    64.90   108.55   119.35 
200606   15.73    16.04    43.06    87.85    89.29 
200607   23.11    24.46    55.30    96.20   104.17 
200608    8.11    15.82    45.01    97.58   104.31 
200609    8.17    15.80    39.85    93.24   106.03 
200610    9.84    11.18    47.77    90.58    96.06 
200611   14.20    21.28    43.14    85.04   100.17 
200612   10.74    11.54    51.71    86.73    97.24 
200701    9.46    13.89    49.37    89.91   117.61 
200702   17.19    20.60    42.64    97.51    99.84 
200703   19.77    33.18    60.17    95.30   102.63 
200704   25.58    29.17    61.88    97.18   105.08 
200705   21.29    25.08    61.08   128.62   156.58 
200706   17.05    19.16    49.02    93.39   113.60 
200707   18.40    24.95    59.05   113.09   166.49 
200708   13.22    17.99    52.79   107.00   109.36 
200709   11.87    13.16    35.12    79.43    90.82 
200710    8.49    13.45    43.85    86.07    86.58 
200711   19.52    21.31    39.86    79.03    84.57 
200712   10.97    27.41    56.02   109.72   126.80 
200801    9.20    15.44    41.81    82.12   100.28 
200802   15.48    17.73    35.99    77.01    96.78 
200803   27.04    30.70    63.11    98.57   116.15 
200804   24.09    32.15    68.57   104.36   117.59 
200805   30.41    35.82    76.11   110.56   122.45 
200806    7.21     9.71    50.11    85.91   106.12 
200807   21.59    24.21    56.10   101.75   112.58 
200808   17.21    17.67    48.94    85.59    87.20 
200809    4.70     6.04    34.50    63.51    84.13 
200810   17.80    19.01    43.05    84.32    95.50 
200811   12.63    20.45    44.86    74.26    77.34 
200812    3.90    10.92    54.28   107.39   109.82 
200901    4.21     8.49    37.36    89.71    98.92 
200902   13.70    18.50    42.22   108.67   109.89 
200903   30.94    31.84    56.63   107.47   128.06 
200904   25.51    26.48    66.81   110.36   115.52 
200905    9.34    23.89    63.97   112.69   128.69 
200906   11.87    13.00    45.35    89.21   116.01 
200907   18.70    22.89    48.34   119.29   122.10 
200908   11.81    12.52    47.96    73.45    88.33 
200909    3.40     4.83    33.94    81.65    82.00 
200910   11.05    13.11    41.24    82.86    97.90 
200911    5.92     9.01    45.15    73.70    77.37 
200912    7.96    12.20    47.57   135.42   137.31 
201001   14.99    19.38    51.97    97.37   169.65 
201002   12.93    15.89    48.30    97.18    98.82 
201003   21.17    26.71    66.70    92.26   119.49 
201004   22.81    35.42    60.42   106.22   118.80 
201005   27.36    35.52    68.11   111.30   121.67 
201006   11.27    13.83    43.48    88.52    90.10 
201007   12.78    25.32    65.10   116.92   118.13 
201008   13.49    13.83    44.98    95.17    99.43 
201009    3.86     4.86    38.02    76.84    88.23 
201010   10.87    11.26    49.15    72.51    91.54 
201011    3.33     9.67    43.80    79.54    97.42 
201012   15.31    18.39    44.36    81.84    94.70 
201101   15.13    16.22    38.22    86.01    87.52 
201102   20.07    24.62    47.96    87.88    98.26 
201103   25.76    28.97    57.85    99.05   101.39 
201104   23.70    34.79    63.56    94.05    94.50 
201105   28.44    29.50    52.85    98.92   111.12 
201106   12.38    16.90    42.64    95.63   142.97 
201107   15.37    24.84    55.07    99.03   136.50 
201108    8.66    16.18    46.15    76.99    81.47 
201109    1.51     2.97    42.09    74.68   105.91 
201110    8.11    16.71    40.25    72.01    77.29 
201111   18.30    21.54    43.52    70.15    76.38 
201112    9.95    17.45    52.32   110.81   128.92 
201201    9.97    10.98    41.80    94.88   110.61 
201202    4.79     7.73    46.91    80.57    99.09 
201203   23.08    27.93    55.19    88.27    89.01 
201204   13.04    25.38    69.21   103.56   117.50 
201205   20.46    30.79    70.27   111.79   112.37 
201206   10.40    13.75    46.54    87.28    95.28 
201207   23.91    27.67    54.04    94.19    95.29 
201208   15.06    16.84    44.51    69.70    84.98 
201209    5.46     7.65    39.06    82.58    83.07 
201210    6.92    14.00    46.72    90.71    97.36 
201211   20.89    21.33    50.22    91.43    95.84 
201212   11.75    13.90    48.75   107.40   121.20 
201301   11.96    16.05    36.71    83.89   133.38 
201302   14.51    15.04    42.12   103.06   114.54 
201303   30.80    32.18    70.41    98.87   100.05 
201304   22.13    23.74    57.47    98.82   101.19 
201305   24.87    25.24    61.87   102.43   108.27 
201306   14.31    18.41    53.85   105.04   110.14 
201307   22.75    32.09    53.93    92.03   123.86 
201308   12.01    21.91    54.93    99.28    99.30 
201309    6.90    14.15    42.37    65.07    83.20 
201310   10.64    14.26    48.73    95.32   100.10 
201311    7.25    14.08    48.50    87.22    95.17 
201312    3.95    14.00    49.61   108.34   112.81 
201401   15.21    19.38    43.90   115.05   121.36 
201402   15.62    15.86    51.97    97.17   109.48 
201403   34.29    36.64    63.67    87.80   117.52 
201404   25.22    34.86    60.37   107.00   112.49 
201405   30.85    32.54    70.46   131.06   135.31 
201406   15.43    15.76    46.34    95.82   117.13 
201407   30.23    30.71    55.64    95.99   127.53 
201408   16.13    19.83    51.45    94.12    97.82 
201409    6.86    10.76    32.13    84.35   114.11 
201410   15.76    18.38    41.48    88.10    97.19 
201411    2.82    10.98    45.73    89.43    93.19 
201412    8.26     8.95    53.57    98.14   105.75 
201501   16.76    16.91    52.83   102.68   112.64 
201502   17.80    24.86    49.53    90.10   108.78 
201503   34.15    38.08    61.57    91.93   101.73 
201504   14.42    23.89    61.22    88.79    89.00 
201505   17.69    23.68    56.51   100.82   106.10 
201506   16.37    19.83    39.33    93.94    96.20 
201507   12.36    24.82    53.66   116.64   124.95 
201508   11.39    16.44    47.67    81.16    87.68 
201509    5.18     5.66    38.27    86.12   111.28 
201510   11.79    12.00    40.28    95.78   114.83 
201511   15.60    16.24    44.20    86.13    97.99 
201512   16.94    17.59    47.01    78.52   152.08 
201601    6.60     8.95    37.08    78.33   133.35 
201602    4.62    19.65    58.20    97.06   101.43 
201603   27.74    30.37    61.90   100.83   112.33 
201604   18.96    19.84    61.21   107.08   109.56 
201605   28.82    33.79    55.66   115.98   120.06 
201606    9.45    18.68    43.55    84.54    87.36 
201607   18.63    27.10    61.52    89.57   100.43 
201608   17.73    19.26    53.38    85.03   108.11 
201609    2.88     5.83    37.30    68.41    92.47 
201610    3.23    19.44    45.62    88.87   101.16 
201611   17.94    19.02    44.78    81.82    93.45 
201612   19.84    23.32    47.04    73.97    89.92 
201701    7.49    12.52    42.28    80.81    92.36 
201702   12.96    15.82    39.93    98.29    99.03 
201703   22.32    31.65    60.63    91.95   104.45 
201704   26.17    32.02    65.85    95.13   107.22 
201705   17.73    25.39    63.24   103.33   117.94 
201706   14.39    15.79    45.18    79.82   107.34 
201707   19.40    32.06    56.92    89.70    90.05 
201708   13.07    16.86    58.54    98.35   101.73 
201709    9.36    12.65    45.16    86.41    96.69 
201710   10.78    11.60    47.76    79.97    87.55 
201711   14.62    16.62    46.69    75.94    76.20 
201712   15.51    23.45    47.81    83.39    83.69 
201801    4.50    16.85    46.56   102.08   115.90 
201802   24.90    25.70    56.74   105.96   116.57 
201803   36.72    37.01    67.22   106.04   117.92 
201804   25.04    34.41    64.87    97.58   106.33 
201805   29.62    33.92    67.91   111.34   118.09 
201806   13.05    15.62    45.53   110.29   131.93 
201807   29.19    31.18    54.06   100.74   100.85 
201808   14.03    16.11    44.41   100.63   109.35 
201809    5.14    10.71    34.95    62.40    69.03 
201810   14.20    14.62    43.65    87.39    97.20 
201811   12.06    14.91    41.82    86.67    93.03 
201812   10.61    14.86    39.17    79.88    88.62 
201901   14.37    18.17    45.73    85.53   109.65 
201902    9.03    15.40    52.72    88.59    97.12 
201903   25.35    37.46    61.02   101.20   116.05 
201904   25.58    32.40    64.38   106.22   116.30 
201905   20.13    25.18    64.71   105.50   111.33 
201906    9.87    10.68    42.34    91.62   102.21 
201907   12.58    14.24    48.11    98.66    99.24 
201908   17.65    20.65    48.61   100.12   105.45 
201909    5.08    10.84    37.26    92.97    93.24 
201910   10.94    18.06    42.07    84.25    89.40 
201911   12.06    12.09    48.68    89.17    96.26 
201912    9.72    15.77    42.34    80.99   106.45 
202001    1.90    14.97    40.83    97.14   130.45 
202002   10.74    12.30    42.58   103.79   110.36 
202003   21.66    24.00    59.22    90.59    97.32 
202004   39.21    41.02    64.44    99.09   100.13 
202005    9.98    18.11    58.15   101.94   103.36 
202006   16.60    17.50    45.41    84.97   104.77 
202007   24.89    26.90    58.67    99.86   115.82 
202008   13.14    20.03    49.06   108.57   111.74 
202009    7.93    10.68    38.98    92.80    98.56 
202010    9.37    13.31    41.93    69.76    76.30 
202011    5.22    11.85    44.89   107.82   117.45 
202012   13.88    16.29    43.31    96.79   106.75 
202101    5.32     7.64    47.99   112.93   152.78 
202102   15.64    17.23    60.23   109.70   135.55 
202103   25.08    31.64    60.99   100.13   101.09 
202104   29.89    31.91    64.31    97.90   103.34 
202105   29.55    33.24    57.23   116.42   130.90 
202106   14.51    21.49    48.26    91.59    95.87 
202107   19.51    28.13    61.14   113.33   119.86 
202108   11.60    17.48    57.26   101.30   103.17 
202109    4.23     9.97    45.11    89.43    96.71 
202110   19.24    19.34    48.27    92.85    97.28 
202111   10.91    15.75    38.72    83.46    84.33 
202112    3.29    18.39    51.87   107.26   129.88 
202201    6.21    11.26    45.35    94.64   103.16 
202202    1.29     8.71    51.14   101.50   128.26 
202203   15.54    28.12    53.00   113.50   116.62 
202204   26.04    27.96    62.77   106.25   118.90 
202205   19.07    28.86    58.52   101.95   103.42 
202206   23.33    24.06    43.87    94.53   117.70 
202207   26.84    31.33    57.79    97.19   105.90 
202208   25.74    34.23    58.35    93.84   103.82 
202209    6.65    10.72    41.52    80.57    90.29 
202210    7.18    15.35    48.64    91.76   101.10 
202211    9.59    13.09    48.41    78.32   103.09 
202212   14.36    23.27    47.51   105.29   112.53 
202301    8.47     9.05    52.04   105.85   119.61 
202302   20.62    22.09    41.03    99.78   102.80 
202303   24.77    32.15    59.26   101.39   156.70 
202304   23.49    28.75    63.77   108.41   109.23 
202305   30.61    33.67    70.59   107.87   112.01 
202306   10.16    12.71    48.64   112.30   124.63 
202307   12.99    19.52    55.52    82.39    85.66 
202308   15.90    19.84    47.32   103.02   127.25 
202309    7.08    16.81    37.77   105.05   114.38 
202310   13.70    17.83    43.99   100.42   110.18 
202311   16.41    19.14    44.97    68.09    73.32 
202312   25.54    26.66    53.61    96.50   103.05 
202401    6.87     9.80    39.24    84.22   142.85 
202402   12.22    20.20    40.87    95.48    95.90 
202403   19.27    23.56    57.22   111.15   137.61 
202404   17.18    19.26    56.74   101.17   102.29 
202405   17.53    24.90    57.78   109.81   128.03 
202406   11.46    15.80    46.19    86.37    87.04 
202407   20.93    21.51    60.49    97.90    99.93 
202408   14.43    15.60    51.17   101.66   110.23 
202409   12.82    14.59    38.11    91.49    91.74 
202410    6.08    11.21    43.89    93.86    96.42 
202411    5.69    15.47    43.54    73.17    78.06 
202412   17.46    18.15    46.96    90.40   145.92 
202501   18.29    19.20    48.51   104.67   116.86 
202502    4.12    14.82    42.41   109.83   112.10 
202503   27.68    30.67    58.86   115.94   121.69 
202504   21.49    22.18    62.42    99.93   104.59 
202505   24.94    31.51    67.58   101.70   105.53 
202506   10.22    14.97    43.20    85.75   101.87 
202507   21.86    34.20    58.08   113.62   121.86 
202508   20.82    21.20    49.49    87.79    88.36 
202509   11.71    17.54    36.24    78.92    88.33 
202510    7.19     8.34    42.58    66.92    72.93 
202511    7.06    13.97    42.50    98.67    99.11 
202512   11.65    17.40    46.90   151.61   176.08 
202601   14.47    16.23    43.76   112.19   125.58 
202602   10.72    13.50    35.65   100.96   104.97 
202603   21.62    26.37    56.04    82.77    92.26 
202604   32.35    36.37    59.59   106.24   110.85 
202605   16.69    25.85    57.71   104.50   119.49 
202606    6.38    10.20    46.63   113.85   132.93 
202607   28.72    29.98    57.07   101.60   105.08 
202608   14.47    16.34    49.78    84.83    91.56 
202609   12.53    16.62    39.01    72.75    89.39 
202610   16.62    16.66    43.15    94.14   113.56 
202611    7.33    17.73    38.99    79.58   114.06 
202612   13.90    27.48    44.01   103.89   129.05 
202701   16.79    17.68    44.10    84.02    92.62 
202702   11.47    14.74    48.83   132.22   149.90 
202703   32.02    34.05    66.96   103.93   104.00 
202704   12.11    24.23    63.65   119.43   121.60 
202705   21.09    25.20    64.40   107.48   122.12 
202706   11.43    12.63    47.42    85.41   128.16 
202707   25.77    30.34    53.45   103.44   103.73 
202708   25.48    26.55    52.11   103.75   105.64 
202709   11.88    14.99    39.20    72.69   107.20 
202710   10.37    10.81    38.31    71.22    72.39 
202711   12.45    12.92    45.23    71.15    81.88 
202712    5.07    10.11    48.46    99.80   104.72 
202801   11.69    13.98    44.63   115.13   127.29 
202802   20.58    23.38    49.50    75.65    83.20 
202803   19.03    24.49    58.02    95.53   100.48 
202804   24.97    34.91    60.82    92.60   108.30 
202805   18.89    29.59    59.65   115.08   123.89 
202806    6.01     9.51    43.12    85.33   105.93 
202807   14.20    21.55    59.84   118.81   131.66 
202808   20.26    22.05    49.23    90.05    93.30 
202809   12.15    14.16    36.68    71.32    77.60 
202810   13.12    18.64    44.11   103.54   135.88 
202811   20.11    20.90    46.27    79.48   110.70 
202812   18.39    18.39    43.96   119.31   123.69 
202901    6.94     7.12    38.30    81.10    83.80 
202902    7.91    14.60    46.51   101.33   113.68 
202903   21.87    22.06    68.36    97.07   141.88 
202904   27.16    29.92    63.53    95.20   123.01 
202905   32.99    33.68    56.00    99.81   113.33 
202906   11.48    18.39    34.89    71.11   103.48 
202907   29.26    29.99    60.94   102.98   108.74 
202908   16.60    17.80    49.43    96.15   101.40 
202909    9.30    13.36    42.36    71.86    75.65 
202910    7.43     8.85    42.64    76.89    82.38 
202911   23.23    29.81    48.87    87.13   100.77 
202912   17.35    17.94    45.77    97.94   100.50 
203001   10.81    14.00    35.74    95.67   106.90 
203002    7.07    11.08    41.21   107.64   108.48 
203003   17.95    25.66    61.25   101.53   109.93 
203004   27.90    31.74    58.07    90.74   108.45 
203005   22.81    25.15    64.71   107.78   119.88 
203006   13.33    14.95    42.15    81.14    88.05 
203007   27.96    28.19    60.79   105.61   109.99 
203008   18.75    19.61    49.92    95.04   101.72 
203009    7.45    11.18    37.93    72.43    82.76 
203010    7.99    11.85    51.08    85.21   101.61 
203011   16.33    21.78    51.52    91.50   111.17 
203012   22.82    23.49    48.66   102.43   113.84 
203101    4.13     6.46    46.83    95.08   139.05 
203102    8.77    10.18    42.12   104.17   116.99 
203103   14.79    24.59    58.83   104.49   105.85 
203104   18.80    22.70    59.79    92.62    95.77 
203105   25.24    28.96    65.41   109.55   109.55 
203106   13.32    16.86    48.34    75.28    90.90 
203107   20.14    20.17    57.37    92.71   117.41 
203108   22.27    24.23    53.51    82.33   124.84 
203109    6.06    10.13    45.12    83.43    84.19 
203110   15.16    18.02    41.66    73.15    84.00 
203111   12.56    22.81    54.17    88.94   111.03 
203112    9.23    16.96    51.36   133.78   166.53 
203201   12.91    13.45    50.98   103.04   144.43 
203202    5.01    23.71    44.60   100.27   115.34 
203203   34.82    40.83    66.65    98.90   100.74 
203204   13.39    27.59    76.83   120.52   127.83 
203205   15.48    17.87    56.02   103.31   114.55 
203206   16.70    19.74    48.81    91.08    93.33 
203207   14.86    27.93    61.46   118.16   141.77 
203208   19.51    19.95    55.95   116.33   135.17 
203209    6.35    10.67    46.19    78.83    92.18 
203210   17.15    19.46    46.78    96.14   103.27 
203211   18.78    19.51    41.97    79.61    90.98 
203212   18.22    23.38    53.68   103.34   110.68 
203301   13.32    17.34    52.71   115.56   131.92 
203302    6.17    18.25    61.43   108.21   128.30 
203303   30.41    34.57    66.18   105.09   113.13 
203304   26.31    28.21    74.28   103.57   103.65 
203305   23.33    31.54    71.63   113.39   114.73 
203306   18.18    21.89    49.18    97.24   133.21 
203307   24.90    25.53    56.63   114.48   116.38 
203308   26.27    26.98    56.65    89.24    98.44 
203309    7.39     9.71    36.59    68.60    80.25 
203310    6.06     9.15    51.73    93.02    94.60 
203311   13.82    15.72    53.37   107.40   107.64 
203312    7.30    19.37    49.55    96.10   107.65 
203401    8.36    14.15    43.82   100.66   164.45 
203402   11.70    13.88    44.70   105.12   111.71 
203403   19.26    31.72    57.71   105.49   112.21 
203404   25.75    34.86    57.14   102.11   132.29 
203405   22.69    22.89    60.09   131.62   136.45 
203406   16.05    21.11    42.37    82.95   157.60 
203407   27.26    36.53    57.32   103.08   104.68 
203408    5.75    12.31    50.23    79.74    98.28 
203409    6.97     9.03    28.91    82.08    84.27 
203410    6.17     7.41    43.37    74.91   110.47 
203411    8.76    10.47    44.91    84.47    92.21 
203412   12.88    20.64    43.64   105.73   113.74 
203501   12.95    13.11    43.82   111.47   141.54 
203502   13.55    15.03    40.73    66.44   103.92 
203503   15.10    23.60    61.62    95.14   105.31 
203504   20.12    24.24    56.87   104.89   104.93 
203505   21.09    22.07    54.30    95.23   100.13 
203506   11.26    19.51    42.30    91.71    93.20 
203507   23.55    26.19    58.84    91.93   112.66 
203508   18.34    19.99    48.05    89.41    90.03 
203509   10.08    11.85    37.91    82.95    90.93 
203510   13.02    15.45    41.45    86.78    87.69 
203511    4.38    13.89    52.14    98.54   127.19 
203512    8.72    16.56    46.55    90.39    93.70 
203601    4.34     6.65    38.16    75.28    85.08 
203602   16.72    18.15    53.23   105.59   110.02 
203603   21.98    23.64    59.86   108.00   127.44 
203604   19.22    29.06    62.65   101.73   102.05 
203605   27.53    28.24    65.20    99.41   105.26 
203606   14.24    16.08    52.05    85.36   111.73 
203607   17.58    26.79    63.86   123.13   142.28 
203608   19.99    22.60    54.60    88.94   118.24 
203609    8.85    13.87    39.09    78.24    85.11 
203610    6.74     9.79    45.17    74.22    84.20 
203611   23.75    24.00    48.41    87.33   114.30 
203612    2.15     9.93    40.04    90.92    92.61 
203701   10.00    14.40    43.33    78.96   107.75 
203702    4.27    14.98    49.57    98.58   131.42 
203703   27.38    28.08    62.90    94.71   118.09 
203704   10.54    30.01    64.53   107.29   114.32 
203705   28.73    29.51    68.01   119.94   131.80 
203706    8.41    15.65    45.09    84.99    86.90 
203707   16.17    20.10    55.25    95.28   101.33 
203708   13.57    19.06    45.50   107.19   110.55 
203709    2.40     5.00    39.14    85.50    86.84 
203710    4.75     9.29    41.99    89.67    92.39 
203711   10.73    12.99    39.05    82.68    84.29 
203712   21.91    28.73    49.49   110.49   143.42 
203801    5.89    17.82    52.36    89.16   100.03 
203802    1.36    15.12    49.34   110.02   113.51 
203803   45.88    46.81    69.89    91.70    97.72 
203804   30.97    31.10    73.03   100.01   105.55 
203805   22.92    31.96    61.59   109.69   113.61 
203806   19.58    19.71    50.04   115.05   123.84 
203807   21.45    21.85    57.31    96.51    98.64 
203808   19.82    20.04    46.79    70.94    93.51 
203809    7.60     8.61    41.95    94.25    96.55 
203810   16.29    17.09    43.41    89.73    98.06 
203811   15.80    17.37    41.83    81.96    86.68 
203812   15.81    17.48    41.11    96.87    97.28 
203901    4.41     7.82    49.57    86.31    93.47 
203902    9.85    12.34    51.06   103.83   129.39 
203903   16.92    26.72    62.54    95.01   111.16 
203904   18.58    24.18    69.33   112.61   118.49 
203905   22.18    28.23    62.99   109.19   135.37 
203906   11.72    17.22    47.76    74.24    97.14 
203907   14.29    31.68    58.13    80.61   118.02 
203908   18.44    21.21    45.83    75.27    85.15 
203909   10.77    11.04    39.99    86.13   100.18 
203910    4.83    19.69    40.12    75.06    77.17 
203911   13.06    19.17    38.48    78.09    86.76 
203912   19.49    19.78    46.06    99.05   100.77 
204001   11.51    16.66    50.39   134.38   138.35 
204002    9.80    16.16    55.06    96.52   112.62 
204003   24.72    31.19    65.22    94.94   101.00 
204004   35.27    35.61    67.06   104.58   105.30 
204005   23.21    25.56    62.11   100.79   112.81 
204006    9.05    12.06    43.52    82.81    91.95 
204007   13.92    17.47    63.68    94.10    94.82 
204008   18.38    20.23    49.40    94.13    97.00 
204009   10.65    14.34    42.81    76.63    82.08 
204010    7.78    14.63    49.31    86.98    90.52 
204011   14.23    22.00    52.19    78.94    92.01 
204012   15.76    17.19    47.53   113.96   142.35 
204101   14.95    17.12    48.28   110.81   167.44 
204102    4.72     6.52    45.71    88.06    88.16 
204103   21.96    29.65    61.70    96.70   105.67 
204104   20.21    31.29    59.26   105.41   119.36 
204105   18.87    31.42    55.17   103.93   114.89 
204106   23.01    25.39    53.87    95.13    97.60 
204107   22.57    23.03    60.77    97.89   102.27 
204108   17.10    17.15    54.43   101.28   110.28 
204109    9.26    12.19    37.21    79.36    87.29 
204110    7.30    10.30    42.46    79.74   127.24 
204111   13.33    22.10    40.99    67.07    67.92 
204112   10.56    17.42    60.65   100.34   114.98 
204201    4.83    12.52    37.87    76.64    85.15 
204202   11.83    12.75    49.42   109.29   116.06 
204203   30.20    31.30    62.03    90.67   128.69 
204204   33.71    35.76    68.05   110.93   112.86 
204205   22.55    29.63    60.36    90.47   132.44 
204206   12.30    16.05    49.05    91.92    92.21 
204207   24.50    27.47    58.32    87.05   101.78 
204208   20.05    24.34    45.75    98.91   121.28 
204209    4.96    15.57    40.81    83.30    85.84 
204210    7.76    16.73    46.43    92.60   101.65 
204211    8.27    11.46    47.44    84.96   104.61 
204212   18.64    24.55    51.37   116.39   119.57 
204301    4.80    15.00    39.42    94.93   121.55 
204302   11.81    20.59    45.55   101.80   108.68 
204303   16.06    24.66    67.34   113.82   116.58 
204304   27.38    33.00    63.19   108.39   126.55 
204305   27.66    28.74    61.85   120.37   132.02 
204306   14.27    17.25    39.52   102.58   134.17 
204307   31.02    31.37    57.83   108.13   120.24 
204308   20.95    29.13    53.42    93.36   100.62 
204309    4.72    11.73    35.99    80.49    81.73 
204310    6.68    10.10    41.98   104.71   135.74 
204311   13.39    13.72    48.52    82.97    85.11 
204312    2.53    16.34    41.37    99.49   104.52 
204401   16.04    22.97    43.32    90.92    92.30 
204402    9.71    13.07    59.96   122.57   138.81 
204403   17.46    34.21    64.09    99.37    99.75 
204404   16.18    23.50    75.57    99.35   109.57 
204405   35.59    36.14    63.47   103.00   156.56 
204406   17.32    25.81    50.24   111.27   137.71 
204407   24.92    27.60    52.08   107.27   116.93 
204408   22.37    23.20    50.10   111.59   112.93 
204409   11.08    11.26    39.54    82.35    87.44 
204410    9.38    12.38    46.73    90.69    99.21 
204411   18.05    19.95    48.46    84.61    84.81 
204412   10.60    13.85    50.75   102.91   104.52 
204501    9.53    13.96    42.57    97.78   113.71 
204502    1.88    10.46    44.33   111.07   114.77 
204503   20.10    26.42    73.83   103.97   150.19 
204504   23.95    29.47    69.15   109.17   114.17 
204505   25.52    27.44    64.21   104.93   131.00 
204506   19.18    21.84    49.58    94.45   102.45 
204507   19.96    21.44    63.75   104.65   115.82 
204508   18.94    26.51    54.15    78.23   101.39 
204509    4.89     7.91    38.46    72.42    78.46 
204510   15.66    15.81    47.98    79.73   106.79 
204511    7.84    11.08    45.81    71.25    93.71 
204512   15.16    15.31    58.07    93.79   106.29 
204601    9.64    11.49    53.29   136.22   155.49 
204602   10.18    11.91    49.21   106.59   114.97 
204603   25.65    26.79    65.62    98.55   108.34 
204604   23.04    24.72    62.90   110.45   112.61 
204605   27.84    31.00    62.88   119.44   129.84 
204606   16.55    20.08    44.40    81.62   118.14 
204607   28.00    29.07    56.77   104.81   111.66 
204608   16.66    25.56    60.45    90.05   104.37 
204609   18.89    19.06    40.62    94.85    96.22 
204610    6.18     6.37    36.89    78.02   110.39 
204611   10.02    11.64    40.85    78.16    81.87 
204612   14.77    15.85    43.61    89.99    97.45 
204701   10.64    19.29    49.44   104.26   109.84 
204702   12.51    12.79    53.82   121.85   128.80 
204703   26.90    27.35    66.07   106.40   109.95 
204704   24.52    25.35    59.14   100.61   106.21 
204705   14.18    23.86    59.26   116.32   122.83 
204706   14.01    16.55    49.21    98.40   123.57 
204707   31.60    33.91    58.32    98.68   107.44 
204708   21.69    24.15    50.57    94.12   101.29 
204709   12.60    14.37    38.51    86.20    87.64 
204710    8.56    15.47    35.44    77.71    83.93 
204711    8.83    12.05    50.39    82.74    84.12 
204712   17.09    18.05    45.32    88.87    93.76 
204801   13.34    16.37    40.87   102.51   117.40 
204802   10.45    14.08    55.67   107.88   121.20 
204803   30.69    35.73    64.55    97.65   103.82 
204804   31.85    38.64    60.70   105.40   110.93 
204805   15.18    22.44    70.06   100.11   110.36 
204806   14.26    15.61    55.11   111.69   123.16 
204807   13.56    21.97    58.81    94.64   107.85 
204808   14.40    31.59    47.23    85.25    87.27 
204809    6.75    12.99    36.81    68.73   100.22 
204810    7.11     9.93    45.99    85.81    88.11 
204811    2.29    13.38    53.18    87.87    89.19 
204812   23.42    25.15    49.09   106.98   112.72 
204901   18.88    19.70    55.19   107.57   108.80 
204902   20.71    23.28    49.14   112.99   121.66 
204903   36.54    39.93    68.39   105.08   116.21 
204904   13.02    27.81    62.45   116.93   123.41 
204905   15.84    24.15    66.51   111.01   124.49 
204906   12.02    14.23    56.16   109.04   136.72 
204907   19.08    26.17    57.65    96.87   132.64 
204908   12.71    21.28    57.10   101.08   133.05 
204909    6.26     9.63    38.93    79.68    89.62 
204910    4.91     6.62    44.01    74.79    82.88 
204911    9.58    13.51    50.40    80.15   101.91 
204912   20.02    23.43    50.10    74.27    93.32 
205001    8.83    12.35    49.06   105.08   121.52 
205002    8.15    10.51    50.39   122.18   147.05 
205003   27.44    37.49    70.50   105.65   122.98 
205004   24.69    25.84    69.46   103.45   135.35 
205005   29.03    32.61    60.62   109.00   127.90 
205006   16.93    19.21    40.64    96.57   103.73 
205007   20.15    25.68    62.27   110.00   113.87 
205008   11.66    17.47    53.31    84.18   107.04 
205009   13.41    20.11    45.39    76.27    77.93 
205010    3.84     6.23    46.72    92.75    96.79 
205011    5.60    13.90    44.80    64.30   139.68 
205012    6.29    19.70    48.42   105.89   139.13 
205101    4.69    20.94    48.07   128.09   142.72 
205102   11.31    17.60    54.64   115.83   118.93 
205103   36.61    36.89    66.67    99.39   106.79 
205104   34.56    41.83    63.70   112.53   119.24 
205105   22.30    29.05    68.74   114.98   120.10 
205106   18.47    22.00    56.16   105.38   118.57 
205107   25.17    27.10    66.17    94.94    99.84 
205108   18.80    19.68    54.19    89.90    92.14 
205109    6.93    12.69    44.26    91.36    93.53 
205110    8.35    16.26    43.50    71.75    77.36 
205111    8.78    13.84    46.95    86.48    89.43 
205112   20.55    20.78    55.60   121.02   127.28 
205201    5.23    11.18    58.41   122.47   201.61 
205202   14.87    18.13    64.40   111.53   128.35 
205203   25.45    38.87    68.53   108.59   115.43 
205204   32.09    32.38    68.68   107.54   114.85 
205205   28.00    33.23    65.61    96.67   105.09 
205206   13.50    21.11    48.90    87.13   105.99 
205207   24.52    24.73    66.35    98.37   105.94 
205208   21.18    22.88    49.38    85.16    99.29 
205209   10.24    12.09    39.99    80.22    88.02 
205210    5.98     8.05    41.55    80.35   110.64 
205211   13.59    15.70    40.24    80.62    90.37 
205212    7.97    10.87    51.07   108.63   140.30 
205301   17.80    19.09    42.84   149.85   209.04 
205302    3.20     9.48    49.87   121.85   131.32 
205303   28.67    38.26    67.01   111.81   111.88 
205304   33.42    37.31    66.85    94.81   108.41 
205305   22.58    28.56    62.36   116.25   124.38 
205306   16.84    21.89    49.04    96.71   116.27 
205307   31.42    32.37    62.08    94.96    97.73 
205308   18.58    20.53    51.12    93.47   110.19 
205309    8.85    13.56    38.24   106.43   125.01 
205310   10.74    11.68    45.30    91.98    94.74 
205311    8.26    12.65    43.33   107.48   139.45 
205312   17.45    21.74    43.31    97.90   110.56 
205401   14.98    15.64    42.43   100.78   102.60 
205402   21.94    22.53    50.76    90.99   101.49 
205403   26.68    28.24    62.93   110.28   116.43 
205404   28.16    35.25    66.98    98.90   107.18 
205405   21.15    29.42    61.59   108.00   112.13 
205406   11.02    18.46    52.52    94.05   126.70 
205407   29.26    32.60    66.79   112.05   112.81 
205408   20.57    22.49    56.52    86.41    87.34 
205409    8.66    12.55    48.50    83.81    88.97 
205410    9.46    13.53    39.66    75.14    92.37 
205411    6.25    16.76    51.31    72.86   109.95 
205412   17.95    22.56    46.61   140.09   144.70 
205501   17.93    21.10    57.74   133.25   142.34 
205502   11.69    19.19    49.32   104.28   104.90 
205503   25.01    32.20    67.47   101.90   154.06 
205504   19.62    22.03    70.77   104.61   107.15 
205505   21.45    22.47    53.06    88.46    92.77 
205506   17.75    19.56    44.80    82.51   110.60 
205507   25.42    34.69    56.47    98.42   101.24 
205508   16.10    22.84    49.05    90.14   100.15 
205509    7.45     9.34    33.23    95.26   117.84 
205510   10.32    11.86    45.88    87.06    89.57 
205511    5.32     9.77    50.20    81.45   113.54 
205512   19.93    21.06    40.64   104.43   106.22 
205601   10.88    11.66    44.21   100.27   147.82 
205602   11.52    16.97    43.12    98.23   104.56 
205603   32.59    33.64    74.80   131.49   134.84 
205604   27.67    28.54    58.98   113.68   123.22 
205605   21.73    25.90    62.11   127.40   128.82 
205606   17.16    23.00    46.00   100.08   112.94 
205607   26.59    29.99    63.23   104.68   133.60 
205608   27.01    28.07    55.05    90.88   116.63 
205609    5.50    12.97    40.56    86.86   101.84 
205610   11.93    15.42    48.98    95.07   107.02 
205611   15.48    17.72    51.08   101.40   102.16 
205612   14.59    24.24    50.57    89.88   101.36 
205701    4.58    12.75    48.37   109.27   153.43 
205702    5.11    11.22    58.41   146.83   185.97 
205703   12.62    27.69    70.95   108.61   115.33 
205704   25.46    32.15    62.87    99.84   105.73 
205705   11.86    24.53    65.97   108.28   114.82 
205706   17.67    21.80    45.20    85.87    89.05 
205707   24.48    30.02    59.33    83.79    97.40 
205708   18.66    20.72    45.85   101.89   116.54 
205709   10.30    15.77    40.52    63.40    79.86 
205710    3.95    10.35    41.36    82.99    83.21 
205711   16.29    17.21    37.54    77.98    80.97 
205712   18.26    18.42    49.89    95.77   105.22 
205801   11.68    15.98    45.27   113.45   119.00 
205802   14.01    17.34    55.29    86.84   101.30 
205803   22.07    26.70    64.81   118.82   143.01 
205804   26.54    28.70    68.46   104.36   105.75 
205805   10.93    22.20    49.94    95.07   102.82 
205806   14.51    19.28    39.48   112.23   124.13 
205807   31.42    31.64    54.64   103.15   111.74 
205808   14.55    27.92    52.84   116.88   125.55 
205809    3.58     8.28    38.61    83.43    84.10 
205810    3.96     6.89    47.22    89.89   106.83 
205811   11.27    19.16    44.25    93.23    93.74 
205812   10.74    11.41    56.81   117.47   117.79 
205901    4.25     6.55    52.71   141.16   145.94 
205902   14.70    18.24    59.71    98.37   105.04 
205903   34.12    40.18    69.62   101.92   123.81 
205904   21.94    26.09    64.19   114.63   126.88 
205905   22.95    28.16    55.79    98.41   121.58 
205906   15.10    17.50    53.46    91.06    95.65 
205907   32.64    34.01    63.68   103.19   131.98 
205908   11.47    16.96    53.12    97.83   108.39 
205909    8.14     8.98    39.74   103.62   108.74 
205910    3.90    10.79    42.41    79.05    81.11 
205911    9.87    12.79    47.02    76.54    78.34 
205912   15.71    19.16    55.46   148.02   148.78 
206001   17.90    26.09    59.78   110.14   143.37 
206002   15.94    22.68    60.99   119.77   128.32 
206003   22.87    40.07    75.20   109.22   128.97 
206004   36.73    37.89    74.61   113.65   135.27 
206005   18.88    24.61    57.17   118.92   140.35 
206006   19.70    20.35    47.57    95.11   102.88 
206007   30.40    30.93    59.70   102.63   118.93 
206008   12.45    18.78    51.62   101.33   105.17 
206009    9.61    10.52    43.80    82.33    91.84 
206010    9.97    12.98    47.58    88.11   107.93 
206011    9.64    20.26    41.99    82.93   106.12 
206012   16.03    16.14    50.96    90.57    91.75 
206101    6.24     9.79    50.69   107.76   123.88 
206102   12.57    16.52    58.03   110.88   131.88 
206103   34.30    37.42    75.70   117.01   125.62 
206104   20.18    22.54    72.44   107.93   109.47 
206105   27.16    37.15    66.69   121.51   124.49 
206106   24.52    25.90    52.58    95.17   135.02 
206107   27.59    30.65    59.64    95.77   102.61 
206108   16.46    16.66    54.08    93.03   100.34 
206109    7.07    13.14    43.05    92.15   108.12 
206110   12.86    13.19    45.85    87.63   126.09 
206111    9.11    20.22    43.85    69.80    70.08 
206112   15.35    24.62    59.32    91.68    93.09 
206201   12.42    15.19    53.38   122.05   148.48 
206202   17.83    22.59    66.81   125.69   141.61 
206203   36.71    38.57    77.32   114.73   116.41 
206204   25.29    27.38    64.07   103.34   106.44 
206205   23.85    29.94    57.04   109.78   113.58 
206206   19.19    24.35    57.47   107.42   115.25 
206207   24.24    29.54    61.81   105.91   115.84 
206208   28.90    32.33    61.18   109.74   134.75 
206209    4.07    10.83    44.47    77.40    77.75 
206210   11.17    18.30    46.86    94.80    95.26 
206211    7.81     8.08    40.30    81.48    84.91 
206212    2.69    21.05    50.65    86.45    99.25 
206301   15.46    16.49    49.87   120.74   132.81 
206302   11.56    16.21    56.63   121.22   149.69 
206303   26.23    30.48    69.34    94.38   111.09 
206304   23.51    28.04    69.91   113.86   124.64 
206305   21.59    28.39    57.27   114.45   118.10 
206306    9.03    11.16    48.96    90.42    95.47 
206307   13.75    14.82    59.48   102.29   117.30 
206308   15.58    25.80    52.89    96.52   113.15 
206309    9.18     9.36    38.11    80.51    94.25 
206310   11.03    14.55    46.62    94.71   118.90 
206311    6.82    13.65    53.26    93.83    96.21 
206312    7.67    20.63    49.93   124.42   128.03 
206401   10.63    11.50    51.00   157.73   168.45 
206402    8.49    22.42    47.10   106.83   114.50 
206403   29.76    33.76    68.00   120.71   131.97 
206404   28.62    29.81    55.65   110.70   115.34 
206405   11.25    22.03    60.62   119.57   120.24 
206406   13.45    17.63    47.61   127.41   142.20 
206407   21.01    25.47    57.45    91.62   112.76 
206408   22.90    22.97    50.83    87.59    94.34 
206409    8.82     9.17    40.47    91.24    95.26 
206410   16.13    16.51    39.34    81.47    93.99 
206411    7.87    15.18    44.66    70.49    73.66 
206412   14.94    18.57    47.61   122.19   144.43 
206501    9.75    12.12    43.98   126.28   156.81 
206502   22.67    26.74    52.35   130.24   148.56 
206503   24.54    28.08    71.87    98.87   108.31 
206504   25.88    29.02    57.73   108.70   117.38 
206505   15.01    18.96    63.57    99.16   115.36 
206506   19.57    23.81    47.75    79.32    82.94 
206507   15.76    23.54    56.31    99.64    99.99 
206508   18.92    20.91    47.39    90.68    93.19 
206509    9.75    10.51    39.38    95.17   102.14 
206510    9.64    10.52    52.32    92.40   114.61 
206511   13.62    14.23    40.98    78.08    83.75 
206512    9.58    13.20    48.20   103.48   143.38 
206601   10.77    14.40    49.68   146.77   155.62 
206602    7.29    10.89    54.84    95.95    99.82 
206603   13.51    22.04    73.61   124.36   126.99 
206604   19.93    32.40    66.24   106.67   124.17 
206605   22.02    28.10    61.30   106.68   114.01 
206606   22.92    23.50    52.40    78.04   107.67 
206607   24.48    26.17    64.68    95.62   125.41 
206608   15.50    17.85    53.03   115.08   116.60 
206609    3.09    12.42    44.34    99.70   103.83 
206610   11.73    13.23    45.76   103.46   108.51 
206611    8.25     9.26    55.58    92.86   107.26 
206612    6.42    19.88    50.08    92.10   112.24 
206701    4.56    20.12    56.35   108.71   141.79 
206702    6.35    14.90    63.90   138.25   140.88 
206703   23.11    31.50    69.70   121.45   136.80 
206704   33.29    34.12    65.96   129.79   138.04 
206705   26.15    31.81    61.17   113.66   132.07 
206706   15.53    24.15    47.77    83.84    94.79 
206707   26.50    32.95    66.28   103.40   103.90 
206708   15.07    26.09    50.67    91.31    98.79 
206709    4.98     9.45    50.55    94.69   106.16 
206710   17.19    20.21    48.72    91.96   106.37 
206711    7.36    15.98    42.90    91.23    91.52 
206712   14.48    17.22    47.14    79.56   105.68 
206801    7.34    10.61    48.97   142.00   214.05 
206802   16.14    28.11    57.76   111.34   119.04 
206803   19.81    25.44    71.97   106.30   150.79 
206804   18.90    30.53    70.66   114.67   120.01 
206805   22.84    26.69    55.32   114.19   115.53 
206806   14.59    16.13    45.17    89.01   101.14 
206807   28.01    28.01    59.07   117.40   137.06 
206808   17.14    22.61    52.95    80.13   111.88 
206809    7.70    10.21    47.67    81.52   111.30 
206810    8.16     8.22    40.73    89.52   109.71 
206811    0.57     7.87    50.16    93.12    94.10 
206812   12.24    19.75    54.68   100.61   115.45 
206901    5.53    16.42    65.77   151.87   157.34 
206902    3.98    16.59    53.86   109.08   109.68 
206903   19.38    31.12    73.44   120.95   140.60 
206904   12.98    21.10    60.39   102.66   107.85 
206905   14.42    22.04    61.83   107.43   152.67 
206906    6.93    12.56    43.01    96.64   130.82 
206907   28.49    31.90    53.35   107.81   111.73 
206908   20.39    22.08    49.97    92.20    95.10 
206909   11.15    14.16    47.85    87.07    89.87 
206910   12.28    14.00    42.28    97.34   103.40 
206911    6.69     6.88    50.77    80.06    81.56 
206912    7.29    19.10    58.88    80.02   108.84 
207001    8.24    11.71    52.62   107.90   116.54 
207002   19.03    21.70    55.74   105.63   123.27 
207003   27.43    31.69    62.58    99.11   126.40 
207004   22.80    28.64    62.24   101.07   115.34 
207005   17.26    24.62    60.04   103.85   112.10 
207006   10.05    25.42    54.95   100.31   105.50 
207007   35.61    35.77    65.54   102.04   121.43 
207008   23.32    24.53    48.60    95.60    95.98 
207009    4.96     8.25    51.20    97.83   125.57 
207010   18.47    19.05    56.49    94.96   102.81 
207011    9.74    15.62    40.38    78.87    82.49 
207012   12.43    17.28    43.83   119.85   156.84 
207101    8.55    18.28    67.83   121.71   152.13 
207102    8.17    15.78    62.74   115.31   152.99 
207103   32.52    40.07    81.13   127.17   132.20 
207104   26.18    30.92    71.90   111.64   125.87 
207105   19.36    21.08    64.32   101.52   102.33 
207106   13.52    17.37    46.06    89.27    93.02 
207107   21.93    28.26    62.99   116.98   136.12 
207108   24.15    27.06    53.24    94.36   116.11 
207109    3.72    12.45    45.42    89.57    94.34 
207110   11.12    12.53    45.00    95.92   104.03 
207111   19.78    22.07    47.38    87.67    93.77 
207112   17.92    23.32    43.68    93.74   108.85 
207201   19.83    26.18    66.42   132.08   132.97 
207202    9.16    15.33    50.02   117.97   122.54 
207203   34.75    45.53    69.48   120.47   126.40 
207204   19.36    24.67    71.16   113.75   120.87 
207205   26.44    26.70    68.18   104.67   105.74 
207206   15.69    19.02    48.92   105.17   108.39 
207207   14.30    21.56    64.41   122.61   133.53 
207208   18.03    19.11    45.70   110.47   112.61 
207209   11.37    13.48    51.16    93.61   108.99 
207210    4.08    16.70    50.09    93.31   112.38 
207211    4.08     9.54    44.84    85.75   120.29 
207212   11.26    25.82    57.61   103.62   115.73 
207301    9.82    10.22    51.42   112.65   116.36 
207302   23.38    27.69    61.77   108.22   112.74 
207303   31.36    39.60    68.63   108.33   116.63 
207304   16.95    28.17    66.50   116.15   118.02 
207305   19.85    26.65    51.04    86.39    90.98 
207306   16.91    22.31    47.71    83.93   109.53 
207307   12.08    25.95    54.36    89.84    91.51 
207308    9.33    19.76    41.88    82.04    91.17 
207309    9.68    10.33    36.52    66.34    75.51 
207310    4.64    13.53    39.14    97.83   113.17 
207311    6.10     8.82    36.05    84.17    92.37 
207312    8.14    11.72    40.29    94.54   173.62 
207401   13.74    14.82    41.20   112.53   128.30 
207402    9.88    13.07    60.73   144.76   148.48 
207403   20.75    28.36    65.04   112.46   113.90 
207404   30.97    32.88    56.49   115.16   123.41 
207405   25.46    26.91    44.01    88.61    90.94 
207406   14.14    16.88    45.65    85.84   101.15 
207407   20.36    22.71    50.48    97.26   117.75 
207408   15.30    16.35    48.38    92.49   100.72 
207409   11.11    12.64    39.18    74.77    77.30 
207410   10.57    12.42    41.10    89.59   103.91 
207411   11.01    15.70    41.54    87.73   101.16 
207412   22.87    25.22    51.03   154.43   162.65 
207501   11.74    12.14    42.87   129.59   144.02 
207502   17.32    29.87    60.75   102.61   102.68 
207503   19.17    36.81    70.72   124.45   132.65 
207504   25.46    27.08    71.09   106.10   120.92 
207505   15.60    16.65    55.24   107.24   132.49 
207506    8.87    15.04    47.99   110.95   118.09 
207507   31.09    32.83    59.50    98.50   112.26 
207508   18.41    19.61    56.15    92.20   106.19 
207509   10.44    17.63    43.98    79.49    94.48 
207510   12.08    13.17    49.63    87.52    91.79 
207511   10.20    13.29    33.92    70.04    81.51 
207512   14.82    16.18    59.14   119.06   124.01 
207601   20.62    21.76    62.05   142.60   178.51 
207602    6.63    28.10    64.05   119.10   129.41 
207603   23.09    25.45    76.33   124.43   126.15 
207604   18.21    27.85    76.28   109.27   114.10 
207605   19.85    23.36    48.94   109.39   113.95 
207606   11.06    12.75    46.95    84.98    93.62 
207607   27.62    34.05    65.52   108.27   109.02 
207608   14.45    17.48    56.68    89.60    92.52 
207609   14.33    22.35    42.76    88.14    89.58 
207610   19.06    20.29    43.17    83.82    97.80 
207611   11.47    12.46    45.06   102.57   106.79 
207612   18.37    18.94    55.42   103.85   106.09 
207701   22.99    23.53    49.27   121.28   139.05 
207702    9.10    12.01    60.41   128.99   162.44 
207703   26.33    41.46    74.03   116.15   128.78 
207704   21.52    27.90    68.42   108.72   129.47 
207705   18.60    23.47    65.03   111.94   113.47 
207706   15.46    19.14    50.79   126.89   155.08 
207707   15.93    16.16    59.90   104.89   110.52 
207708   17.11    17.26    42.97    83.36    90.84 
207709    7.42    10.67    36.18    76.44    90.84 
207710   10.28    12.46    45.21    84.37    87.47 
207711    7.42     8.54    43.92    88.19    88.29 
207712   22.36    23.46    49.28    93.11   108.69 
207801   12.47    17.34    50.11   140.44   155.25 
207802   12.95    13.71    54.12    98.36   112.86 
207803   10.22    18.09    67.81   107.26   114.88 
207804   11.70    12.26    57.12   103.13   119.61 
207805   19.12    22.28    50.41   102.94   115.67 
207806   10.74    16.41    42.93    92.97   105.15 
207807   22.61    27.95    60.39   100.14   110.98 
207808   21.48    24.51    55.57   102.55   113.77 
207809    8.78    11.65    40.18    95.10    99.28 
207810    3.49    12.80    47.82    84.19    94.97 
207811   10.68    11.76    40.84    87.37    88.23 
207812   14.50    14.73    48.93   156.27   175.53 
207901    4.60    13.50    54.02   125.82   146.27 
207902    6.41    20.41    55.02    95.30   115.69 
207903   30.49    31.13    64.34   110.09   129.43 
207904   12.29    23.94    60.15    94.16    99.42 
207905   20.70    25.68    52.63    94.10   102.83 
207906    5.18    16.81    44.87    90.59   102.05 
207907   23.70    26.36    59.45   114.83   119.67 
207908   21.60    25.14    54.95    97.21   105.16 
207909   10.09    10.17    37.98    76.12    78.97 
207910   10.28    14.80    44.36   101.65   149.29 
207911   17.22    18.70    45.64    91.30   131.33 
207912    9.12    15.55    54.01    86.01    94.60 
208001   19.74    21.49    49.87   140.48   148.03 
208002    9.53    15.07    42.65   109.07   114.10 
208003   29.64    31.58    67.76   127.55   155.64 
208004   19.18    20.22    62.75   105.49   108.96 
208005   11.27    20.09    53.69    91.61    99.24 
208006   13.29    14.04    40.90    81.25    83.72 
208007   24.26    33.49    64.12   111.82   119.09 
208008   17.18    19.21    46.14    96.46    97.32 
208009    5.88    12.25    39.84    75.95    84.76 
208010   12.00    15.47    41.43    96.19   106.28 
208011    9.45    11.62    42.44    86.43    91.34 
208012   12.23    17.40    57.67   114.26   123.72 
