yearmoth  min	  5th	   med	    95th     max
192001  266.26   266.37   268.35   271.55   271.79 
192002  266.43   268.78   273.13   276.93   279.48 
192003  272.80   273.15   276.36   279.75   280.36 
192004  279.11   279.26   282.42   284.81   285.24 
192005  286.47   286.73   289.20   291.89   293.45 
192006  291.92   291.93   295.65   298.41   299.30 
192007  297.33   297.95   300.10   302.11   302.80 
192008  297.45   297.93   300.54   302.16   302.41 
192009  290.99   292.16   294.88   297.05   297.42 
192010  283.22   283.96   286.35   289.49   289.74 
192011  272.29   274.99   277.64   281.01   282.74 
192012  267.45   269.06   271.74   275.82   276.68 
192101  264.55   266.14   270.72   276.35   276.91 
192102  268.37   270.75   273.45   279.05   279.31 
192103  272.38   273.43   276.94   280.22   281.28 
192104  278.59   278.78   281.58   284.50   285.95 
192105  285.37   285.93   289.21   291.97   293.01 
192106  291.56   292.13   295.62   297.39   298.25 
192107  297.23   297.76   300.26   302.25   302.31 
192108  297.47   297.67   300.41   302.44   302.67 
192109  292.38   292.66   294.84   296.64   296.73 
192110  282.82   282.88   286.17   288.75   290.93 
192111  274.44   274.69   277.30   278.99   279.62 
192112  266.99   267.39   271.15   273.88   274.42 
192201  265.46   265.75   270.42   274.09   276.38 
192202  267.58   269.25   273.51   276.65   277.76 
192203  273.57   273.89   276.77   279.26   281.09 
192204  276.68   279.59   281.21   284.86   285.60 
192205  285.47   286.56   289.18   291.70   292.29 
192206  291.40   292.26   295.71   297.94   298.39 
192207  297.59   297.73   300.05   301.73   302.86 
192208  295.20   296.27   299.87   302.05   302.06 
192209  290.73   291.33   294.52   296.41   296.55 
192210  282.61   282.83   286.09   288.49   288.81 
192211  273.10   274.74   277.46   279.85   281.42 
192212  263.51   266.65   270.79   274.03   274.51 
192301  262.46   266.15   269.63   274.76   274.99 
192302  266.68   268.08   272.56   275.73   277.41 
192303  273.12   273.23   276.75   279.61   281.18 
192304  277.44   277.81   281.93   284.89   285.77 
192305  285.46   286.31   289.15   291.78   292.32 
192306  291.29   291.61   296.04   297.94   298.80 
192307  296.72   297.44   300.54   302.10   302.58 
192308  297.22   297.72   300.56   302.10   302.18 
192309  292.50   292.51   294.79   296.47   297.21 
192310  284.11   284.12   286.45   289.68   289.90 
192311  269.69   272.43   277.30   280.43   280.76 
192312  266.13   267.23   271.05   274.65   274.78 
192401  264.75   266.54   270.49   275.35   276.32 
192402  268.40   271.00   272.98   275.30   275.80 
192403  271.42   272.77   275.73   278.23   281.29 
192404  278.14   278.28   281.21   285.66   285.88 
192405  286.13   286.51   289.51   292.20   292.64 
192406  292.43   293.34   296.36   298.95   299.69 
192407  295.91   296.51   300.42   302.33   302.38 
192408  297.31   297.62   300.00   302.04   302.36 
192409  291.83   292.32   294.37   297.07   297.78 
192410  282.58   282.62   286.09   289.83   289.85 
192411  274.17   274.22   278.09   281.41   283.19 
192412  265.92   266.21   271.48   274.36   275.61 
192501  265.95   266.25   271.16   274.37   274.74 
192502  269.43   269.88   273.38   278.15   278.42 
192503  272.38   273.03   276.69   280.39   281.43 
192504  276.31   276.77   281.61   286.23   286.28 
192505  283.99   286.12   288.40   291.08   291.50 
192506  289.97   293.49   295.52   298.95   298.98 
192507  298.26   298.33   300.34   302.47   303.24 
192508  297.03   297.18   300.43   302.19   302.20 
192509  290.79   291.73   294.43   296.32   296.56 
192510  282.42   283.46   286.11   289.48   289.54 
192511  272.84   274.52   277.26   279.86   279.89 
192512  264.56   266.16   270.95   273.35   274.34 
192601  265.06   265.78   270.12   273.92   275.26 
192602  268.36   268.72   273.09   275.74   277.91 
192603  273.46   273.95   276.54   279.49   280.22 
192604  278.14   278.62   281.39   284.62   285.85 
192605  285.70   286.16   288.97   292.57   293.02 
192606  292.36   293.02   295.54   297.58   297.60 
192607  297.62   297.92   300.50   302.80   302.89 
192608  296.79   296.90   300.21   302.26   302.94 
192609  291.84   292.57   294.26   296.97   297.39 
192610  281.99   283.18   286.72   289.28   289.79 
192611  272.91   273.23   277.43   280.58   280.68 
192612  266.00   266.71   270.78   274.31   275.29 
192701  266.75   267.08   270.54   274.00   274.98 
192702  269.48   269.67   273.24   276.88   277.95 
192703  273.19   274.05   276.24   279.51   279.70 
192704  276.60   278.36   281.48   285.40   285.93 
192705  284.86   285.68   289.15   291.87   291.95 
192706  289.40   290.99   295.95   297.99   298.00 
192707  296.37   297.00   299.98   302.49   303.23 
192708  296.92   297.50   300.57   302.11   302.14 
192709  291.67   291.97   293.99   297.67   298.17 
192710  283.01   284.01   286.24   287.90   289.41 
192711  273.93   274.48   277.64   280.28   281.54 
192712  265.84   266.84   270.46   274.14   275.70 
192801  264.38   265.29   269.98   274.07   274.16 
192802  268.74   269.75   274.06   277.15   279.17 
192803  273.25   274.09   277.20   279.35   279.70 
192804  277.45   278.81   282.31   284.83   286.65 
192805  285.10   285.40   289.37   292.38   292.57 
192806  292.50   293.03   295.99   298.30   299.14 
192807  296.50   297.46   300.57   302.57   303.00 
192808  296.95   297.48   299.86   302.78   303.11 
192809  291.55   291.96   294.71   296.27   296.80 
192810  284.11   284.46   286.89   289.67   289.68 
192811  273.85   274.00   277.40   280.60   281.82 
192812  266.27   266.37   270.95   274.41   274.54 
192901  264.57   265.30   270.41   273.86   274.01 
192902  268.71   269.65   273.08   275.94   276.27 
192903  272.35   272.53   276.13   280.19   280.76 
192904  276.89   278.55   281.12   284.07   285.51 
192905  285.34   285.69   288.85   292.48   292.66 
192906  290.93   291.55   295.57   297.93   298.60 
192907  296.65   298.36   299.97   302.19   303.22 
192908  297.49   297.52   299.27   301.88   302.92 
192909  291.07   291.70   293.76   296.11   296.52 
192910  282.56   283.24   285.81   288.80   289.09 
192911  274.31   274.47   277.46   281.06   281.07 
192912  267.19   267.26   271.01   274.57   277.46 
193001  263.15   265.86   271.03   274.99   275.13 
193002  269.17   269.22   273.52   276.52   277.03 
193003  272.65   273.03   275.89   281.25   281.43 
193004  277.41   277.64   280.76   284.26   284.59 
193005  284.97   285.02   288.45   291.03   293.83 
193006  292.35   292.74   295.12   298.17   300.31 
193007  293.51   295.66   299.81   302.31   302.60 
193008  297.12   297.21   299.92   301.72   302.24 
193009  291.93   292.07   294.25   295.97   296.22 
193010  283.33   283.41   286.17   288.20   288.78 
193011  272.25   273.36   276.99   280.50   281.19 
193012  267.37   267.49   270.36   275.06   276.50 
193101  264.81   265.10   270.16   274.19   275.44 
193102  267.92   269.62   273.27   276.81   277.41 
193103  271.88   273.53   276.31   279.87   281.43 
193104  276.96   277.93   281.22   286.22   287.74 
193105  284.15   285.61   288.21   291.07   291.92 
193106  290.48   293.12   295.60   298.40   298.48 
193107  296.64   297.60   300.26   303.38   303.50 
193108  296.72   297.58   300.31   302.07   302.36 
193109  290.81   292.32   294.44   296.38   296.46 
193110  282.88   283.23   286.85   288.31   288.50 
193111  273.75   274.28   277.34   280.41   280.92 
193112  268.23   268.24   270.89   274.69   275.06 
193201  263.76   265.28   270.12   273.18   273.88 
193202  267.85   268.90   272.92   276.85   277.00 
193203  273.42   273.65   276.74   279.88   280.82 
193204  278.78   279.78   282.27   285.15   286.09 
193205  286.77   287.09   289.68   291.34   291.60 
193206  293.27   293.31   295.91   297.97   298.33 
193207  298.05   298.39   301.07   302.23   303.33 
193208  296.49   297.92   300.17   302.50   302.59 
193209  291.59   291.62   295.06   297.10   297.79 
193210  282.14   282.40   286.49   289.10   289.53 
193211  273.68   273.76   278.03   280.74   281.12 
193212  266.02   266.81   271.42   274.44   275.00 
193301  264.74   265.76   270.28   274.55   275.87 
193302  266.31   270.26   273.09   276.70   277.05 
193303  273.13   274.28   276.46   279.93   281.07 
193304  276.61   277.92   281.80   284.88   285.01 
193305  286.01   286.36   289.50   291.95   292.01 
193306  292.97   292.97   295.23   298.69   299.26 
193307  296.83   297.52   299.96   302.73   302.77 
193308  296.88   297.38   299.97   302.09   302.28 
193309  291.40   291.42   294.08   297.50   297.68 
193310  283.48   283.57   285.71   288.71   290.48 
193311  274.80   274.93   277.40   279.69   280.90 
193312  266.05   266.98   270.99   274.45   274.79 
193401  264.75   265.82   270.62   275.12   276.62 
193402  267.61   268.14   272.43   276.81   277.16 
193403  272.72   272.74   276.42   279.07   279.90 
193404  276.84   278.53   282.10   285.18   286.41 
193405  286.27   286.51   289.00   292.37   293.29 
193406  289.13   293.60   295.67   299.06   299.25 
193407  294.63   297.24   300.49   302.02   302.23 
193408  296.31   296.49   300.18   302.28   302.94 
193409  290.06   291.82   294.45   297.06   297.57 
193410  282.39   283.72   286.65   288.90   288.90 
193411  273.44   274.23   277.33   280.91   280.99 
193412  265.57   265.63   271.64   274.55   275.65 
193501  265.75   265.99   270.20   273.78   273.81 
193502  267.39   267.70   272.95   277.16   277.69 
193503  272.32   273.08   275.89   279.81   280.17 
193504  278.36   278.43   281.66   284.25   286.55 
193505  285.45   286.45   288.97   291.43   291.83 
193506  293.20   293.29   296.15   298.20   298.36 
193507  295.92   296.89   300.71   302.43   302.74 
193508  297.45   297.57   300.33   302.40   302.81 
193509  291.81   291.95   294.26   296.59   297.35 
193510  283.08   283.86   286.45   288.78   288.80 
193511  274.17   274.23   277.34   281.25   281.42 
193512  266.47   267.68   271.62   274.72   274.80 
193601  266.54   266.76   270.79   274.99   275.37 
193602  263.85   269.79   273.41   277.12   277.55 
193603  273.13   273.76   276.28   279.95   281.10 
193604  276.95   277.93   281.81   285.37   287.00 
193605  285.41   287.33   289.32   292.33   292.42 
193606  293.25   293.29   295.73   298.46   298.74 
193607  298.47   298.76   300.93   302.60   302.97 
193608  297.49   297.62   300.70   302.33   302.58 
193609  291.43   291.94   294.72   297.32   297.35 
193610  283.96   284.25   286.17   288.98   289.34 
193611  273.66   274.12   277.81   280.05   281.33 
193612  266.29   267.11   270.48   273.66   274.05 
193701  266.58   267.99   270.64   274.05   276.54 
193702  265.21   267.46   272.57   277.74   277.86 
193703  271.46   271.57   276.83   279.60   280.25 
193704  278.15   278.16   281.14   284.17   284.95 
193705  285.29   286.51   289.37   293.10   293.60 
193706  292.00   292.17   295.28   299.73   299.87 
193707  297.40   297.48   300.63   302.07   302.18 
193708  297.21   297.64   300.07   302.41   302.55 
193709  291.87   292.08   294.23   296.75   297.02 
193710  283.53   283.54   286.45   288.37   288.93 
193711  273.60   274.40   278.40   281.08   282.48 
193712  266.72   268.21   271.71   274.64   274.74 
193801  262.98   264.99   269.01   273.52   274.95 
193802  269.33   269.70   272.43   275.16   277.46 
193803  273.58   274.58   275.94   279.18   279.34 
193804  278.25   278.33   281.49   283.94   285.48 
193805  285.51   286.26   289.35   291.58   291.80 
193806  292.37   292.60   295.85   298.09   298.32 
193807  294.74   296.26   300.18   301.95   302.88 
193808  297.35   297.67   300.03   302.05   302.11 
193809  290.57   292.04   294.42   296.05   297.13 
193810  283.01   283.78   286.16   289.72   290.30 
193811  274.16   274.94   277.21   279.64   281.01 
193812  267.26   268.07   270.67   274.29   274.71 
193901  264.34   265.16   269.74   274.89   275.08 
193902  269.96   270.38   272.85   275.78   277.40 
193903  272.91   273.68   277.07   281.40   282.04 
193904  277.27   278.15   281.72   284.93   285.78 
193905  285.91   286.02   289.07   291.16   291.59 
193906  293.06   293.15   295.91   298.71   298.93 
193907  297.49   297.57   300.55   302.81   303.60 
193908  296.82   296.83   300.21   301.77   301.90 
193909  291.18   291.56   294.84   296.73   297.30 
193910  282.86   282.95   286.36   289.19   290.34 
193911  274.47   275.53   277.49   280.65   280.84 
193912  267.68   267.76   270.79   274.80   275.94 
194001  266.06   267.23   270.09   273.73   275.06 
194002  268.05   268.78   273.60   277.74   278.72 
194003  273.01   273.48   276.59   280.45   281.00 
194004  278.53   278.90   281.33   285.16   285.42 
194005  286.33   286.48   289.07   291.26   291.51 
194006  291.88   292.02   295.75   299.04   300.03 
194007  297.65   299.00   300.68   302.90   303.66 
194008  296.60   296.90   300.15   301.63   301.65 
194009  291.01   291.38   294.51   296.67   297.07 
194010  283.60   283.79   285.70   288.66   288.91 
194011  274.46   275.07   277.75   280.48   280.61 
194012  264.19   264.56   270.36   273.98   274.60 
194101  263.67   265.76   270.48   273.56   273.96 
194102  268.62   269.38   272.80   275.79   275.87 
194103  272.60   273.11   277.03   279.28   279.42 
194104  278.54   278.72   281.30   284.60   285.35 
194105  284.98   285.90   288.88   292.02   292.05 
194106  292.15   293.37   295.15   298.32   298.37 
194107  297.21   297.29   300.51   302.00   302.31 
194108  296.38   297.83   300.10   302.03   302.06 
194109  290.88   291.75   294.78   296.86   297.25 
194110  283.00   283.59   286.32   289.93   291.10 
194111  273.78   273.79   276.91   279.91   280.19 
194112  266.97   267.86   270.85   274.83   275.16 
194201  264.74   265.43   269.07   273.19   274.46 
194202  268.59   269.54   272.80   277.30   279.29 
194203  272.90   273.54   276.75   280.33   281.92 
194204  278.60   278.64   281.84   285.70   286.05 
194205  286.26   286.75   289.53   292.70   293.41 
194206  291.71   291.83   296.33   298.91   299.20 
194207  296.77   298.03   300.96   303.01   303.07 
194208  296.46   297.85   300.20   302.22   302.33 
194209  291.08   291.51   294.65   296.78   297.03 
194210  282.99   283.10   286.42   288.53   289.22 
194211  273.87   274.28   277.80   280.53   282.19 
194212  266.34   266.92   271.10   273.95   274.81 
194301  267.03   267.26   269.96   274.34   276.46 
194302  268.50   270.02   273.52   277.23   277.67 
194303  272.12   273.35   276.32   279.16   279.60 
194304  277.71   278.11   281.38   285.52   285.81 
194305  284.71   286.51   289.45   292.17   292.80 
194306  292.74   293.14   296.17   298.39   298.65 
194307  297.18   297.43   300.50   302.68   303.45 
194308  298.49   298.89   300.33   301.58   301.64 
194309  291.61   292.14   294.83   296.38   296.64 
194310  283.98   284.69   286.33   290.03   290.23 
194311  274.81   274.88   277.33   280.11   281.75 
194312  265.48   266.27   270.53   274.19   274.68 
194401  264.57   266.17   270.76   275.11   275.33 
194402  268.55   268.81   273.14   277.07   277.34 
194403  273.23   273.82   276.60   279.69   280.10 
194404  277.82   278.85   281.67   285.62   285.93 
194405  284.34   285.76   288.06   291.79   292.00 
194406  292.33   292.35   295.96   298.63   299.65 
194407  296.39   297.04   300.16   302.32   302.45 
194408  296.88   297.03   300.34   302.09   302.73 
194409  291.29   291.47   294.53   297.12   298.83 
194410  283.43   284.15   286.82   289.08   289.25 
194411  271.85   274.06   277.07   279.79   280.82 
194412  266.26   266.39   270.97   273.69   274.51 
194501  263.27   265.27   270.06   273.68   274.16 
194502  267.26   267.65   272.80   276.87   277.52 
194503  269.63   273.51   276.37   281.08   281.22 
194504  278.41   278.86   281.51   285.55   286.40 
194505  285.26   286.25   289.06   292.51   292.65 
194506  291.78   292.34   295.61   297.92   299.31 
194507  297.29   297.86   300.62   302.60   302.81 
194508  297.70   298.21   300.64   302.15   302.47 
194509  292.30   292.65   294.82   296.50   296.71 
194510  283.90   284.10   285.98   288.69   288.75 
194511  272.46   272.84   277.48   280.39   281.00 
194512  266.25   266.75   271.33   276.01   276.01 
194601  263.84   265.85   271.33   273.27   274.99 
194602  268.31   268.89   273.81   278.41   278.65 
194603  272.58   273.59   276.72   279.82   280.14 
194604  277.78   278.10   282.01   285.76   287.16 
194605  286.18   286.83   288.67   291.71   291.82 
194606  292.80   293.07   295.58   298.11   298.87 
194607  297.80   297.99   300.44   302.24   302.71 
194608  296.07   296.33   300.33   301.64   301.97 
194609  291.65   292.24   294.96   297.10   297.18 
194610  283.03   283.75   286.44   288.74   290.26 
194611  274.08   274.22   277.67   281.69   281.94 
194612  265.39   265.41   270.98   273.99   274.73 
194701  264.42   266.02   269.96   274.38   277.46 
194702  268.19   270.32   272.81   276.68   276.69 
194703  272.17   273.00   276.40   279.97   281.65 
194704  278.38   278.53   281.35   285.09   285.37 
194705  286.53   286.59   289.24   292.83   293.30 
194706  292.95   292.99   296.12   298.45   298.50 
194707  297.63   297.70   300.40   302.55   302.77 
194708  297.51   297.63   300.39   302.11   302.68 
194709  291.28   292.29   295.26   297.01   297.63 
194710  281.73   283.18   286.11   288.34   289.38 
194711  274.00   274.72   277.76   282.30   282.98 
194712  266.84   268.43   271.05   275.01   276.82 
194801  264.44   264.78   270.91   273.44   276.00 
194802  269.71   269.89   273.12   278.10   279.01 
194803  271.44   273.49   276.22   279.93   280.39 
194804  275.77   277.90   281.67   284.74   287.46 
194805  286.10   286.71   289.27   292.85   294.85 
194806  292.09   293.30   296.14   298.21   298.34 
194807  297.90   298.29   300.59   302.27   302.42 
194808  296.35   296.40   300.41   302.27   302.49 
194809  290.13   292.49   294.65   297.62   298.19 
194810  283.34   283.50   286.36   288.84   290.20 
194811  273.03   274.60   277.41   281.74   282.23 
194812  266.15   267.14   271.32   275.61   275.64 
194901  265.45   266.12   270.78   274.23   274.93 
194902  268.88   269.72   273.29   277.19   278.33 
194903  273.38   273.39   276.15   280.55   282.09 
194904  276.43   277.60   282.12   285.26   285.40 
194905  285.49   285.62   289.27   292.04   292.60 
194906  291.80   292.66   295.57   297.92   298.30 
194907  297.12   297.98   300.07   302.34   302.70 
194908  297.85   297.99   300.92   301.85   302.36 
194909  292.19   292.22   294.97   297.07   297.56 
194910  282.56   283.13   285.83   289.16   290.03 
194911  272.93   273.46   277.64   280.42   281.02 
194912  268.26   268.87   271.85   275.68   276.16 
195001  262.59   265.84   271.37   274.06   275.12 
195002  269.02   269.33   273.76   277.83   278.14 
195003  271.71   272.65   276.60   279.75   283.46 
195004  276.42   277.29   281.60   286.20   287.08 
195005  285.59   285.72   289.34   292.72   292.77 
195006  291.33   292.59   296.29   299.11   299.45 
195007  298.10   298.20   300.61   303.31   303.66 
195008  296.43   298.53   300.45   302.72   303.27 
195009  291.56   292.10   294.86   296.94   296.96 
195010  281.96   282.81   286.14   287.70   289.09 
195011  273.32   273.79   277.57   280.45   282.43 
195012  267.61   268.95   271.16   274.41   276.56 
195101  265.78   266.35   270.26   273.69   274.07 
195102  268.51   269.04   273.32   276.48   276.62 
195103  272.80   273.42   276.55   279.62   280.34 
195104  277.22   278.10   281.71   286.23   288.02 
195105  285.18   285.27   288.75   292.23   293.18 
195106  292.26   292.35   295.14   299.04   299.13 
195107  297.62   297.63   300.61   302.67   302.86 
195108  295.45   297.12   300.73   302.11   302.37 
195109  291.30   291.44   294.93   297.14   297.45 
195110  283.78   284.00   286.02   289.63   290.16 
195111  273.46   273.84   276.89   280.95   282.67 
195112  268.03   268.56   271.24   274.68   275.57 
195201  265.95   266.35   269.78   273.05   274.82 
195202  265.96   266.52   272.76   276.12   276.65 
195203  270.19   271.95   276.22   279.10   280.49 
195204  276.87   277.72   281.35   285.16   285.68 
195205  285.74   285.94   288.96   291.32   291.94 
195206  291.76   292.63   295.34   297.82   298.47 
195207  296.86   298.05   300.72   302.64   302.92 
195208  297.35   298.03   300.18   302.34   302.47 
195209  291.01   291.97   294.95   296.70   296.96 
195210  283.48   283.56   286.60   288.97   289.45 
195211  273.89   274.17   277.14   281.20   281.93 
195212  265.18   267.01   271.54   273.89   274.31 
195301  263.31   266.86   270.31   274.79   275.17 
195302  268.63   270.09   273.07   277.23   278.05 
195303  272.54   272.78   276.85   279.61   279.94 
195304  276.78   278.43   281.05   285.24   286.52 
195305  285.37   286.12   289.14   291.41   291.82 
195306  292.86   293.15   295.73   298.41   298.44 
195307  295.48   297.96   301.06   302.73   303.17 
195308  296.89   297.44   300.45   302.09   302.46 
195309  291.30   291.35   294.28   297.67   297.89 
195310  282.70   283.19   285.72   288.95   290.58 
195311  271.75   273.02   276.58   282.54   282.68 
195312  265.36   265.67   271.17   275.16   276.36 
195401  267.29   267.48   271.32   275.23   275.99 
195402  267.24   268.20   274.21   277.57   278.39 
195403  273.61   274.08   277.13   280.40   283.17 
195404  277.72   277.92   281.33   284.64   284.80 
195405  285.55   285.63   288.85   291.87   291.91 
195406  291.01   292.07   295.39   297.99   297.99 
195407  296.50   298.20   300.39   302.70   303.31 
195408  297.54   297.65   299.66   301.69   301.89 
195409  291.27   291.52   293.89   296.39   297.13 
195410  283.85   283.97   285.95   288.90   289.46 
195411  274.00   274.22   276.90   279.29   280.13 
195412  265.86   266.05   270.40   274.49   275.36 
195501  263.82   266.37   269.96   275.17   275.20 
195502  268.92   269.21   272.60   276.45   276.56 
195503  272.18   272.20   276.27   279.70   280.13 
195504  278.31   278.33   281.28   284.97   286.28 
195505  285.21   285.43   288.18   291.94   293.49 
195506  292.45   292.87   295.69   298.08   298.45 
195507  296.50   296.80   300.69   302.24   303.64 
195508  297.28   297.39   300.23   301.74   301.76 
195509  291.41   292.05   294.88   296.10   296.55 
195510  282.62   283.25   285.57   289.46   289.87 
195511  274.55   274.59   277.17   279.66   280.10 
195512  266.48   266.94   271.45   275.19   276.05 
195601  265.78   267.48   270.67   273.93   274.11 
195602  267.18   267.91   272.27   276.38   276.87 
195603  272.27   272.68   276.06   278.78   279.43 
195604  276.95   277.80   280.85   283.46   284.51 
195605  285.76   285.90   288.98   291.61   291.90 
195606  292.32   292.34   295.34   297.63   298.46 
195607  297.60   298.32   300.29   302.98   304.05 
195608  297.21   298.33   300.08   301.86   302.32 
195609  291.82   292.07   294.85   297.14   297.25 
195610  283.40   284.58   286.86   289.51   290.22 
195611  272.31   274.50   277.39   280.51   281.10 
195612  265.95   267.67   270.83   274.30   274.40 
195701  265.14   266.53   270.91   275.02   275.04 
195702  267.70   268.38   273.18   276.42   277.02 
195703  271.71   273.18   276.27   278.90   279.62 
195704  279.37   279.68   281.94   284.92   285.02 
195705  285.92   286.82   289.47   292.44   294.24 
195706  291.95   292.02   295.48   297.62   298.81 
195707  295.99   296.78   300.28   302.83   303.21 
195708  297.60   297.61   300.45   301.92   301.96 
195709  291.81   292.66   294.63   296.48   296.52 
195710  281.71   284.35   286.24   288.22   288.72 
195711  273.34   274.28   276.97   280.04   280.28 
195712  266.29   266.84   271.18   272.87   276.15 
195801  265.26   265.60   270.46   274.46   274.47 
195802  268.03   268.67   272.45   276.57   278.91 
195803  271.26   272.37   275.63   279.49   280.12 
195804  277.53   277.97   281.80   285.22   285.82 
195805  285.35   285.92   288.60   292.30   292.45 
195806  292.66   293.18   295.73   298.73   299.31 
195807  297.18   298.16   300.39   302.46   302.79 
195808  297.23   297.98   300.06   302.27   302.42 
195809  290.20   292.12   294.38   296.36   296.38 
195810  282.55   282.93   286.16   288.96   289.84 
195811  272.37   273.60   276.63   279.48   279.65 
195812  265.78   266.99   271.14   274.81   275.05 
195901  266.20   266.73   269.91   274.00   275.03 
195902  268.27   269.41   271.94   276.34   277.74 
195903  270.82   272.36   275.98   279.22   281.19 
195904  277.70   277.81   281.18   283.53   284.48 
195905  285.78   285.89   289.41   291.42   291.76 
195906  291.36   291.79   296.04   299.07   299.12 
195907  297.38   297.52   299.83   302.20   302.29 
195908  295.68   296.51   300.23   302.26   302.54 
195909  290.70   291.29   294.23   296.65   297.02 
195910  283.14   283.53   286.24   289.83   290.10 
195911  271.36   271.93   277.29   279.97   280.10 
195912  267.36   267.70   270.89   273.80   274.66 
196001  263.56   264.23   270.58   272.34   272.51 
196002  268.47   269.96   272.84   276.66   278.64 
196003  271.18   273.46   276.46   279.70   280.34 
196004  278.44   278.81   281.20   285.77   288.76 
196005  285.33   286.19   288.97   291.98   292.27 
196006  292.44   292.84   295.11   297.60   297.64 
196007  295.89   298.07   300.31   302.32   302.42 
196008  297.17   297.43   299.99   302.33   302.59 
196009  291.04   291.27   294.39   297.33   297.82 
196010  282.77   283.66   285.99   288.88   289.13 
196011  273.31   274.96   277.27   280.35   280.52 
196012  264.10   267.39   271.22   274.02   274.09 
196101  264.38   265.00   269.81   273.38   275.27 
196102  268.39   268.49   273.32   276.41   277.80 
196103  271.73   272.88   275.92   279.70   280.63 
196104  278.21   278.29   281.68   284.35   284.58 
196105  284.99   284.99   289.05   292.75   294.26 
196106  291.50   292.20   295.76   298.59   298.68 
196107  298.13   298.55   300.50   302.55   302.67 
196108  296.62   297.51   299.85   302.31   302.40 
196109  290.67   291.20   294.15   296.17   296.25 
196110  282.49   283.62   286.42   289.28   289.41 
196111  272.90   273.88   277.66   281.43   281.84 
196112  266.95   267.15   271.22   273.84   274.31 
196201  265.17   265.58   270.18   274.13   274.71 
196202  266.13   269.23   273.07   277.24   277.69 
196203  272.51   272.88   276.44   280.60   281.29 
196204  277.54   278.13   281.87   285.08   285.10 
196205  285.65   286.13   289.83   291.61   291.72 
196206  291.41   292.63   295.98   299.06   299.07 
196207  296.96   298.13   300.43   302.82   303.35 
196208  296.89   297.21   300.21   302.15   302.25 
196209  291.20   292.42   293.92   297.10   297.34 
196210  283.35   283.52   285.89   288.50   288.91 
196211  273.07   275.14   277.41   280.69   281.27 
196212  266.08   267.67   271.21   275.00   275.15 
196301  265.67   267.20   269.70   273.35   274.34 
196302  267.88   269.41   272.74   275.59   276.49 
196303  273.07   274.23   276.56   279.29   279.84 
196304  276.21   278.08   281.43   285.94   286.77 
196305  284.20   285.99   289.05   291.48   292.23 
196306  291.60   292.16   295.36   297.58   297.82 
196307  296.21   297.34   300.12   301.93   301.94 
196308  295.60   296.69   299.66   300.92   301.94 
196309  289.78   290.04   293.93   296.09   296.79 
196310  282.02   283.01   285.28   288.35   288.97 
196311  271.64   272.10   277.05   279.96   280.09 
196312  263.40   265.51   269.62   273.48   273.55 
196401  264.84   265.85   269.84   273.46   274.27 
196402  268.10   268.72   272.49   275.38   276.35 
196403  271.44   272.41   275.44   277.95   278.43 
196404  276.01   276.96   280.33   283.58   284.13 
196405  284.69   285.41   287.82   290.88   290.93 
196406  291.72   292.00   294.87   296.92   297.38 
196407  294.39   296.71   299.57   301.85   302.20 
196408  296.52   296.71   299.10   300.99   302.03 
196409  290.77   291.05   293.97   296.42   296.86 
196410  282.67   282.90   285.99   288.14   288.36 
196411  273.84   274.19   276.81   279.41   281.00 
196412  267.00   267.47   270.39   273.56   273.98 
196501  264.80   265.89   270.04   273.12   274.16 
196502  269.00   269.06   273.11   275.92   277.47 
196503  272.00   272.63   275.37   278.52   278.63 
196504  278.01   278.28   280.85   284.60   284.97 
196505  283.61   284.52   288.41   291.83   291.95 
196506  291.20   291.30   294.52   297.09   297.22 
196507  296.02   296.38   299.71   302.08   302.42 
196508  295.81   296.60   299.97   301.44   302.18 
196509  290.70   291.05   294.37   296.29   297.03 
196510  282.85   282.92   285.63   288.26   288.64 
196511  271.74   273.65   277.35   281.39   281.79 
196512  266.80   267.03   270.50   273.00   274.12 
196601  262.49   263.69   269.02   273.05   273.50 
196602  265.83   267.10   271.94   276.27   276.86 
196603  271.50   271.71   275.96   278.65   279.47 
196604  277.59   277.61   280.79   285.72   285.84 
196605  284.90   285.25   288.25   291.57   291.73 
196606  291.56   292.67   295.69   299.28   300.58 
196607  296.57   298.06   300.21   302.00   302.35 
196608  296.42   298.27   300.16   301.11   301.71 
196609  290.92   291.63   294.06   296.62   297.36 
196610  282.24   283.45   285.92   288.89   288.92 
196611  274.23   274.67   277.63   279.92   280.78 
196612  267.57   267.73   271.07   276.50   277.87 
196701  264.57   266.82   270.53   274.85   277.04 
196702  266.35   269.67   273.02   278.15   279.44 
196703  270.11   273.83   276.62   279.82   280.11 
196704  277.93   278.52   281.62   285.15   285.62 
196705  284.64   285.83   288.71   291.32   291.90 
196706  292.07   292.32   295.60   298.32   298.52 
196707  297.34   297.49   300.50   302.84   303.19 
196708  297.01   297.79   299.98   301.81   302.10 
196709  291.91   291.94   294.49   296.45   297.63 
196710  283.01   283.32   285.67   288.88   289.98 
196711  274.58   274.60   277.17   280.46   280.95 
196712  268.03   268.07   270.71   274.57   275.03 
196801  264.90   266.75   270.55   275.71   276.33 
196802  268.33   268.73   273.20   277.24   277.42 
196803  272.53   274.44   276.51   279.53   283.53 
196804  275.92   278.22   281.52   284.63   287.60 
196805  284.02   286.06   289.14   292.57   292.63 
196806  290.31   292.05   295.79   298.53   299.71 
196807  296.61   297.56   300.53   302.22   302.51 
196808  296.60   296.71   300.36   302.37   302.44 
196809  290.74   291.53   294.06   296.53   297.02 
196810  283.17   283.38   286.12   289.26   289.30 
196811  273.02   274.25   277.48   280.32   280.99 
196812  266.20   266.54   270.34   274.42   274.87 
196901  264.05   266.36   270.13   273.22   275.27 
196902  267.43   268.11   272.28   276.14   276.48 
196903  272.64   273.05   275.61   279.51   279.92 
196904  276.63   276.70   280.13   284.10   285.29 
196905  284.81   285.55   288.15   291.25   291.57 
196906  291.33   291.71   295.22   296.67   296.68 
196907  296.59   296.70   299.41   302.30   302.54 
196908  296.97   297.05   299.37   301.92   301.95 
196909  291.03   291.89   294.21   296.91   296.96 
196910  283.61   283.82   285.96   289.87   290.16 
196911  273.50   274.07   276.88   280.85   281.04 
196912  265.08   265.91   270.49   273.20   275.06 
197001  265.20   265.77   270.03   273.48   273.60 
197002  268.74   269.42   272.46   275.76   275.91 
197003  272.31   272.45   275.10   278.76   279.44 
197004  276.91   277.30   281.00   286.22   286.87 
197005  285.13   285.31   288.61   291.92   292.19 
197006  290.40   290.79   295.20   298.60   298.86 
197007  296.75   297.37   299.72   301.97   302.62 
197008  296.96   297.31   300.26   301.56   302.52 
197009  291.70   291.74   293.72   297.08   297.41 
197010  283.32   283.58   285.86   289.07   290.01 
197011  273.46   273.98   277.22   280.34   280.48 
197012  267.09   267.41   270.66   275.99   276.05 
197101  266.16   266.38   270.06   273.41   273.69 
197102  268.10   268.89   273.09   277.10   277.28 
197103  271.92   273.43   275.89   279.86   280.46 
197104  276.48   277.91   280.78   285.09   285.38 
197105  285.66   286.15   288.26   291.80   292.12 
197106  293.20   293.37   295.64   298.46   298.88 
197107  297.35   297.67   300.03   302.35   302.73 
197108  295.75   297.59   299.78   301.71   301.93 
197109  291.28   292.10   294.21   296.48   297.52 
197110  282.94   283.13   285.92   288.41   288.51 
197111  273.35   274.12   277.04   280.36   280.42 
197112  265.07   266.16   270.59   275.23   276.00 
197201  264.54   266.88   269.23   273.56   273.99 
197202  265.89   269.37   272.93   276.73   277.90 
197203  271.65   273.45   276.07   278.67   279.21 
197204  275.90   276.48   281.16   284.65   285.21 
197205  283.61   284.26   288.87   292.16   292.36 
197206  292.17   292.25   295.01   297.60   297.91 
197207  297.52   297.95   300.23   301.98   302.02 
197208  297.71   298.13   299.92   301.80   301.85 
197209  292.29   292.57   294.58   297.27   297.29 
197210  283.47   283.86   286.39   289.08   291.03 
197211  274.07   274.68   277.16   279.63   281.16 
197212  265.46   266.33   271.31   275.27   275.41 
197301  267.07   267.17   270.86   273.62   273.81 
197302  269.44   269.99   273.51   277.11   278.22 
197303  272.15   272.63   276.26   279.38   279.51 
197304  278.58   278.59   280.78   283.70   283.81 
197305  285.85   285.97   288.85   291.82   292.99 
197306  293.80   294.04   296.19   298.21   298.23 
197307  297.64   297.76   300.33   302.61   303.01 
197308  297.23   297.44   300.30   302.19   302.87 
197309  291.38   291.70   294.88   296.74   296.79 
197310  283.66   284.16   286.54   288.94   289.16 
197311  274.66   274.84   277.69   281.00   281.18 
197312  266.31   267.43   271.46   275.33   276.85 
197401  264.82   266.48   270.31   274.00   274.68 
197402  267.73   270.48   274.14   276.34   276.50 
197403  272.55   273.75   276.81   278.89   279.53 
197404  277.33   277.90   281.12   284.81   285.22 
197405  286.44   286.46   289.01   291.48   292.78 
197406  293.24   293.26   295.46   298.35   298.52 
197407  296.52   297.82   300.68   302.59   302.73 
197408  297.36   297.98   300.15   301.90   301.91 
197409  291.12   291.46   294.49   296.55   297.53 
197410  283.17   283.66   286.11   289.14   289.81 
197411  274.63   275.22   278.11   280.25   281.39 
197412  266.46   267.07   270.56   273.53   273.74 
197501  264.73   266.38   270.08   274.23   274.60 
197502  269.47   269.52   273.36   277.72   277.82 
197503  272.74   274.04   276.30   280.09   280.83 
197504  278.86   278.97   281.85   284.74   287.39 
197505  285.01   285.47   289.15   293.80   294.39 
197506  291.86   292.84   295.83   298.44   299.53 
197507  296.33   298.17   300.18   302.25   302.51 
197508  297.13   297.15   300.09   301.74   302.10 
197509  290.91   290.92   294.15   296.62   297.47 
197510  281.89   282.88   285.89   288.61   288.83 
197511  273.83   274.52   277.57   280.89   281.90 
197512  266.22   267.13   271.58   274.84   276.97 
197601  264.48   266.11   270.02   272.94   273.05 
197602  268.53   269.75   273.54   276.34   276.83 
197603  271.81   273.78   276.61   279.49   279.68 
197604  277.93   277.98   281.24   285.60   285.98 
197605  285.61   285.77   288.58   291.91   293.31 
197606  291.84   291.93   295.08   299.78   300.66 
197607  298.44   298.45   300.29   302.51   303.62 
197608  296.90   297.17   300.22   301.89   302.02 
197609  291.57   291.91   294.80   296.41   297.20 
197610  281.56   282.89   286.55   289.71   291.43 
197611  274.59   275.53   277.48   280.54   280.74 
197612  267.69   268.13   271.09   274.64   275.73 
197701  265.12   266.11   270.48   273.61   273.76 
197702  268.24   268.39   272.76   276.80   277.84 
197703  271.43   272.07   276.23   280.64   280.80 
197704  277.33   277.68   281.47   284.86   285.85 
197705  284.39   285.50   289.22   292.06   292.08 
197706  290.09   290.12   295.27   297.91   298.88 
197707  296.54   296.69   300.01   302.44   303.42 
197708  297.62   297.65   300.03   301.92   302.38 
197709  291.14   292.13   294.81   296.69   296.99 
197710  283.84   284.28   286.00   289.23   290.86 
197711  274.42   274.78   277.62   279.98   282.74 
197712  267.30   267.40   272.22   274.66   275.01 
197801  265.05   266.11   270.52   275.12   275.35 
197802  266.80   269.42   273.91   276.92   278.86 
197803  273.08   274.43   276.93   279.83   280.49 
197804  279.09   279.39   281.48   286.24   286.52 
197805  286.45   286.57   289.32   292.87   293.01 
197806  292.27   293.16   296.13   299.10   299.40 
197807  296.98   297.17   300.68   302.78   303.01 
197808  296.91   297.30   300.33   302.50   302.84 
197809  291.95   291.96   294.85   297.01   297.06 
197810  282.93   283.95   286.15   289.17   290.91 
197811  273.47   274.96   277.66   280.83   280.86 
197812  268.72   268.79   271.48   275.17   275.79 
197901  265.55   267.61   270.96   275.30   276.33 
197902  268.02   270.25   273.47   277.56   279.52 
197903  271.93   272.39   276.56   280.81   281.18 
197904  277.60   278.16   282.06   286.15   287.09 
197905  283.77   286.01   289.16   292.49   293.05 
197906  292.50   292.78   296.23   298.16   298.88 
197907  295.96   296.83   300.62   303.10   303.34 
197908  296.30   296.88   300.50   301.82   301.97 
197909  291.22   292.13   294.39   297.38   298.10 
197910  283.27   284.00   286.43   288.56   289.25 
197911  274.19   274.62   277.21   280.21   281.57 
197912  267.02   267.22   271.42   274.27   276.54 
198001  266.52   267.23   270.81   276.06   276.65 
198002  267.76   269.79   273.69   277.92   278.06 
198003  272.76   273.50   276.85   280.04   280.39 
198004  277.23   278.54   281.90   284.25   284.31 
198005  285.04   285.52   288.64   291.89   291.98 
198006  292.34   292.43   295.47   298.86   298.91 
198007  295.98   298.28   300.34   302.29   302.42 
198008  296.97   297.50   300.02   302.70   302.72 
198009  292.62   293.35   294.74   296.57   297.47 
198010  284.25   284.50   286.56   289.54   289.69 
198011  273.60   274.26   277.58   279.79   280.00 
198012  267.31   267.56   271.29   274.10   274.12 
198101  266.66   267.43   270.69   274.69   274.93 
198102  269.23   270.04   273.97   276.20   276.65 
198103  272.67   274.42   277.25   280.55   281.67 
198104  277.10   278.95   281.97   286.46   287.00 
198105  285.96   285.97   289.41   291.94   293.59 
198106  292.59   293.76   296.13   298.82   299.72 
198107  297.24   298.11   300.78   302.80   303.06 
198108  296.72   296.84   300.41   302.42   302.88 
198109  291.58   292.11   294.59   296.35   296.43 
198110  283.59   284.23   286.68   288.95   289.16 
198111  274.49   274.50   277.87   280.94   281.95 
198112  265.57   267.33   271.21   273.99   274.80 
198201  266.16   266.50   270.19   274.65   275.29 
198202  267.01   269.06   273.14   275.73   276.74 
198203  272.81   274.40   276.79   279.05   279.23 
198204  278.03   278.98   281.39   286.11   286.32 
198205  285.23   285.38   289.38   292.08   292.50 
198206  293.33   293.45   295.87   298.52   298.91 
198207  296.10   296.24   299.95   301.98   302.09 
198208  296.04   296.42   299.50   301.68   303.23 
198209  290.58   291.72   294.42   296.86   296.94 
198210  281.80   282.54   286.07   289.26   289.48 
198211  273.35   274.17   276.40   280.05   280.78 
198212  267.06   267.65   270.55   274.82   275.26 
198301  264.84   266.09   269.93   273.87   274.46 
198302  267.71   268.93   273.76   277.02   277.58 
198303  271.91   272.18   275.91   280.77   281.41 
198304  277.26   278.22   280.70   284.48   284.52 
198305  282.54   284.31   287.82   291.05   291.34 
198306  291.10   292.27   295.37   298.32   298.51 
198307  296.72   297.38   299.85   301.85   302.27 
198308  296.11   297.35   299.74   301.46   301.94 
198309  291.26   291.54   294.14   296.45   296.77 
198310  282.63   283.15   286.31   289.09   289.41 
198311  273.37   273.93   276.70   279.89   279.91 
198312  265.47   266.85   270.56   274.62   275.50 
198401  266.02   266.54   269.92   273.89   274.45 
198402  267.65   268.74   272.77   276.28   276.45 
198403  270.33   272.35   276.27   279.91   280.05 
198404  278.22   278.32   281.12   283.71   284.49 
198405  284.77   285.59   288.90   290.88   292.31 
198406  292.64   293.11   295.89   298.05   298.71 
198407  295.54   297.49   300.42   302.64   302.70 
198408  296.07   297.76   300.07   302.13   302.28 
198409  291.83   292.34   294.72   296.87   297.60 
198410  282.29   282.29   286.21   288.75   290.11 
198411  271.91   274.37   277.42   280.04   281.52 
198412  266.87   267.24   271.30   274.73   275.14 
198501  263.80   265.24   270.27   273.33   273.90 
198502  268.63   268.73   273.42   277.43   277.54 
198503  273.90   274.23   276.34   280.48   281.37 
198504  277.40   278.58   281.80   285.95   286.01 
198505  285.74   286.24   288.97   292.17   292.62 
198506  290.73   293.13   295.84   299.08   299.35 
198507  296.94   297.35   300.58   302.16   302.38 
198508  297.09   298.06   300.71   302.52   302.71 
198509  291.46   291.62   295.30   297.16   297.32 
198510  283.07   284.11   286.77   289.76   289.99 
198511  274.30   274.92   277.40   280.63   282.64 
198512  266.49   267.50   271.52   275.64   276.99 
198601  266.56   267.18   270.48   276.04   276.81 
198602  268.86   268.90   273.73   276.17   276.97 
198603  274.02   274.67   276.96   280.74   283.28 
198604  278.42   279.09   282.39   286.84   288.43 
198605  286.12   286.53   290.15   292.02   293.26 
198606  292.81   293.21   296.29   300.71   301.06 
198607  297.66   298.08   300.82   303.12   303.31 
198608  297.61   297.77   300.57   302.15   302.18 
198609  291.93   292.41   294.99   296.62   297.09 
198610  283.49   283.71   286.38   290.08   291.06 
198611  274.30   274.32   277.50   281.04   281.21 
198612  267.28   268.30   272.19   275.15   276.50 
198701  266.84   267.44   270.27   274.23   276.19 
198702  266.92   269.53   273.07   277.64   278.79 
198703  271.30   271.85   276.39   281.29   281.48 
198704  279.13   279.62   281.86   285.95   288.02 
198705  286.44   287.08   289.63   293.04   293.33 
198706  291.66   292.98   296.59   299.32   299.89 
198707  297.00   297.81   300.90   303.41   303.48 
198708  297.38   297.45   300.39   302.35   302.55 
198709  292.38   292.82   294.61   297.31   298.62 
198710  282.90   284.25   286.47   288.62   289.08 
198711  274.63   275.20   277.31   279.27   281.14 
198712  267.26   267.27   271.34   276.61   278.02 
198801  266.06   266.08   270.61   273.88   274.61 
198802  269.39   270.30   274.10   277.08   279.42 
198803  272.45   273.67   275.58   279.79   280.02 
198804  278.49   278.50   281.24   284.38   284.61 
198805  285.69   285.95   288.72   291.80   292.35 
198806  292.34   292.59   295.93   298.39   299.14 
198807  297.72   298.29   300.60   302.50   302.68 
198808  297.09   297.28   300.91   302.12   302.19 
198809  292.53   292.63   295.18   297.96   298.35 
198810  282.33   283.64   286.07   288.76   290.64 
198811  273.72   274.20   277.47   280.52   280.60 
198812  267.93   268.71   271.88   274.34   275.64 
198901  262.42   265.14   270.57   275.23   275.33 
198902  269.30   270.03   273.77   277.39   277.63 
198903  273.40   273.90   277.35   280.60   281.19 
198904  278.27   279.19   282.17   285.55   286.76 
198905  285.67   287.01   289.36   291.22   291.56 
198906  293.11   294.54   296.76   299.63   300.25 
198907  297.53   297.74   301.51   303.38   303.39 
198908  298.31   298.79   301.09   303.05   303.19 
198909  293.43   293.48   295.31   297.32   298.05 
198910  284.04   284.42   286.96   289.53   290.03 
198911  273.31   275.13   277.26   281.46   281.90 
198912  266.56   268.17   271.90   274.63   274.84 
199001  266.75   267.85   271.54   274.15   275.33 
199002  270.06   270.66   273.51   278.14   278.56 
199003  274.19   274.37   277.07   279.59   280.03 
199004  278.67   279.49   282.99   285.49   285.83 
199005  287.79   287.83   290.19   292.96   292.99 
199006  293.50   293.69   296.12   298.83   299.22 
199007  297.45   297.54   300.74   303.01   304.04 
199008  296.15   297.08   300.51   302.92   302.95 
199009  292.53   293.21   294.99   297.38   298.06 
199010  283.63   284.83   286.43   289.71   289.76 
199011  273.82   274.82   277.63   281.16   282.19 
199012  265.21   266.27   271.83   275.11   275.37 
199101  265.57   265.94   271.71   275.53   276.92 
199102  269.47   271.20   273.82   278.15   279.30 
199103  271.11   274.25   277.20   280.41   282.58 
199104  276.59   278.74   282.05   284.86   287.48 
199105  285.11   286.58   289.40   292.84   293.26 
199106  293.81   293.98   296.68   299.22   299.55 
199107  297.77   297.88   300.95   302.72   302.88 
199108  296.77   297.02   300.54   302.64   302.67 
199109  291.91   292.16   294.86   296.64   297.19 
199110  283.18   283.47   286.37   288.34   288.50 
199111  273.13   273.94   277.32   279.68   281.16 
199112  264.54   267.24   271.09   274.70   275.71 
199201  266.36   267.57   270.25   273.98   275.05 
199202  266.63   268.21   273.92   278.01   278.88 
199203  273.22   274.20   276.11   279.50   279.81 
199204  277.04   277.78   280.92   284.32   285.28 
199205  286.01   286.06   288.26   291.35   291.64 
199206  291.91   292.17   295.15   297.83   298.56 
199207  293.73   295.92   299.78   302.48   303.01 
199208  296.61   297.33   300.03   301.88   302.01 
199209  291.42   292.31   293.72   295.99   296.23 
199210  281.47   282.82   285.55   288.80   289.03 
199211  272.14   274.01   277.05   279.42   279.54 
199212  265.46   267.51   271.09   274.59   274.86 
199301  265.64   266.42   269.61   273.37   273.87 
199302  268.15   268.37   272.51   276.11   276.26 
199303  272.26   272.88   276.06   278.90   279.47 
199304  276.00   276.65   280.16   283.99   283.99 
199305  284.93   284.94   288.31   290.63   290.66 
199306  291.41   293.03   295.30   297.65   297.70 
199307  295.92   296.17   300.13   302.57   302.58 
199308  295.88   296.96   300.27   302.19   302.33 
199309  291.83   293.00   294.71   296.37   296.49 
199310  281.53   283.46   286.25   289.04   290.07 
199311  274.89   275.43   277.50   280.72   281.06 
199312  266.20   267.44   271.88   275.98   277.33 
199401  265.67   266.21   270.88   275.10   278.16 
199402  267.35   270.11   273.52   277.13   278.23 
199403  271.24   273.10   277.26   279.81   280.06 
199404  277.11   277.99   282.49   285.20   287.25 
199405  286.93   287.20   289.99   292.00   293.10 
199406  292.96   292.99   296.33   298.44   300.14 
199407  298.47   298.50   300.81   303.04   303.47 
199408  296.36   296.56   300.72   302.43   302.68 
199409  292.45   292.68   294.91   296.84   297.59 
199410  283.66   284.27   286.48   290.21   290.31 
199411  274.99   275.24   277.65   280.08   281.49 
199412  267.34   268.49   271.39   274.90   275.28 
199501  265.16   266.53   270.49   274.89   276.44 
199502  268.35   269.84   273.89   277.97   278.68 
199503  272.90   274.89   276.84   279.36   280.62 
199504  278.98   279.13   282.46   285.89   287.23 
199505  285.50   285.71   289.17   292.70   292.85 
199506  292.36   293.16   296.22   298.70   298.90 
199507  297.35   297.38   300.71   302.29   302.40 
199508  297.36   297.68   300.73   302.36   302.69 
199509  292.24   292.53   295.01   297.89   298.17 
199510  283.87   284.40   286.32   288.81   289.87 
199511  273.33   274.20   277.91   280.39   280.49 
199512  267.44   268.32   272.20   274.95   275.58 
199601  265.06   265.80   271.11   274.48   277.10 
199602  268.87   269.81   273.31   278.92   279.38 
199603  272.71   273.10   277.01   280.01   281.55 
199604  278.84   278.97   282.53   286.34   287.22 
199605  286.26   286.42   289.61   293.04   293.10 
199606  292.48   292.68   296.92   299.77   299.96 
199607  296.94   298.08   301.19   303.39   303.68 
199608  295.93   298.19   300.98   302.45   302.49 
199609  292.06   292.82   295.14   296.85   297.08 
199610  283.30   283.38   286.36   290.65   291.17 
199611  274.70   274.84   277.32   280.99   282.06 
199612  265.84   267.67   271.16   273.76   273.77 
199701  266.82   267.19   270.76   275.91   276.63 
199702  266.57   269.91   273.74   276.59   276.77 
199703  274.21   274.49   276.82   279.49   280.09 
199704  277.54   278.12   281.44   285.16   285.81 
199705  284.68   286.00   289.61   291.68   292.14 
199706  291.62   292.86   296.13   298.55   299.32 
199707  296.96   298.07   300.96   303.00   303.72 
199708  297.41   297.58   300.88   302.74   303.01 
199709  291.72   292.03   294.96   297.40   297.47 
199710  283.73   283.73   286.47   289.77   290.12 
199711  274.07   274.26   277.35   280.68   281.35 
199712  267.12   268.88   271.10   274.85   275.01 
199801  267.24   268.10   270.85   274.34   275.07 
199802  267.83   267.98   273.96   277.56   277.59 
199803  273.75   273.85   276.76   279.77   280.46 
199804  279.06   279.24   281.84   285.03   290.53 
199805  285.78   286.52   289.66   294.22   295.08 
199806  292.46   292.70   296.32   299.17   299.60 
199807  297.30   297.78   301.34   303.14   303.21 
199808  297.25   297.83   300.66   302.89   302.99 
199809  292.71   292.82   295.61   297.09   297.16 
199810  283.30   283.47   286.74   290.09   290.48 
199811  273.55   274.64   277.83   280.74   280.90 
199812  267.13   267.72   271.44   274.66   275.06 
199901  266.45   266.48   271.13   274.60   275.06 
199902  270.06   270.21   273.89   277.40   279.98 
199903  272.64   273.67   277.49   280.11   280.35 
199904  276.47   278.65   282.82   285.11   286.70 
199905  286.05   287.03   289.70   292.95   293.39 
199906  293.19   293.73   296.70   299.37   299.74 
199907  298.53   298.65   301.03   304.60   304.93 
199908  297.61   298.30   300.59   303.35   303.45 
199909  292.40   292.56   295.36   297.36   298.32 
199910  283.17   283.67   286.82   289.74   290.66 
199911  273.11   274.81   277.32   282.34   282.64 
199912  265.00   267.29   271.89   275.64   277.47 
200001  263.74   264.27   271.35   275.32   277.01 
200002  269.08   269.56   273.80   278.94   279.31 
200003  270.65   273.07   276.47   279.11   279.55 
200004  276.52   277.82   282.06   284.83   287.13 
200005  286.54   286.60   289.76   292.70   293.33 
200006  294.16   294.21   296.67   299.09   299.71 
200007  297.00   297.55   301.51   303.28   304.46 
200008  297.05   297.73   301.12   302.27   303.44 
200009  291.68   291.82   295.51   298.05   298.63 
200010  283.99   284.96   286.95   289.31   289.56 
200011  273.63   274.38   277.71   280.79   281.75 
200012  266.35   266.79   270.87   275.08   275.23 
200101  264.96   266.28   270.92   273.91   275.32 
200102  270.03   270.16   273.37   277.06   278.13 
200103  272.58   272.84   277.68   280.73   282.13 
200104  278.12   279.18   282.35   285.19   285.62 
200105  286.01   286.21   289.72   292.71   295.89 
200106  293.03   294.68   297.00   299.40   300.27 
200107  297.74   299.02   301.58   303.52   303.56 
200108  297.37   297.58   301.18   302.92   303.99 
200109  291.83   292.62   295.01   297.99   298.66 
200110  284.10   284.37   286.74   290.21   290.47 
200111  274.23   274.58   277.85   280.75   280.83 
200112  265.02   267.10   271.92   275.46   276.49 
200201  261.76   267.20   270.80   274.68   275.26 
200202  266.00   268.78   274.24   277.65   278.09 
200203  272.18   274.00   277.27   280.84   281.14 
200204  277.70   278.94   282.58   286.75   288.41 
200205  287.19   287.50   289.98   292.82   293.62 
200206  294.02   294.21   297.06   299.29   301.43 
200207  298.97   299.58   301.56   303.07   303.29 
200208  297.92   297.98   301.36   303.37   303.40 
200209  290.98   291.40   295.63   297.35   297.88 
200210  284.79   285.03   286.93   290.71   290.78 
200211  274.00   275.43   277.60   280.11   280.57 
200212  265.38   266.09   271.26   276.25   276.72 
200301  265.15   266.83   271.31   275.98   276.05 
200302  269.54   270.29   273.49   276.57   276.71 
200303  272.72   273.35   276.94   280.58   280.99 
200304  278.10   278.55   281.72   285.28   286.47 
200305  285.71   286.19   289.19   292.73   294.10 
200306  292.45   293.31   296.34   299.41   299.80 
200307  297.70   297.94   301.22   303.29   303.78 
200308  297.75   298.59   300.46   303.07   303.15 
200309  291.74   292.26   295.70   297.20   297.32 
200310  282.39   282.89   286.42   288.81   289.07 
200311  272.62   274.51   277.97   279.71   280.05 
200312  266.73   267.51   271.29   273.44   273.86 
200401  266.13   266.30   270.56   274.23   275.42 
200402  270.45   270.60   273.52   276.76   276.95 
200403  272.55   274.00   276.95   279.95   280.28 
200404  279.37   279.48   281.84   286.80   288.69 
200405  286.76   287.15   289.84   293.42   293.68 
200406  292.52   292.68   296.65   299.18   299.55 
200407  297.25   298.13   301.06   303.44   303.67 
200408  297.89   298.21   300.91   303.13   303.30 
200409  293.13   293.25   295.85   297.58   298.89 
200410  283.43   284.08   287.09   289.67   290.39 
200411  273.90   274.09   277.74   281.03   282.05 
200412  268.52   268.55   271.71   275.92   276.55 
200501  265.90   266.18   271.07   275.77   276.01 
200502  267.76   269.20   273.09   278.07   278.28 
200503  273.92   274.30   277.42   281.10   281.11 
200504  277.93   278.97   282.70   286.48   286.68 
200505  284.68   286.08   290.02   292.96   293.28 
200506  291.98   293.01   296.67   299.88   300.14 
200507  297.48   297.85   301.15   302.86   303.54 
200508  297.15   298.04   300.76   302.59   303.11 
200509  292.41   293.28   295.47   297.71   298.88 
200510  283.25   283.27   287.39   290.11   290.36 
200511  275.42   275.63   277.98   280.55   281.66 
200512  267.65   267.98   272.07   274.97   275.11 
200601  264.98   267.74   271.48   274.56   274.82 
200602  269.24   269.65   274.16   276.75   277.13 
200603  273.08   274.29   277.88   281.60   282.23 
200604  278.29   279.07   282.59   287.26   288.52 
200605  285.21   287.78   289.94   293.40   294.33 
200606  293.98   294.16   296.76   299.58   300.13 
200607  298.24   298.40   301.62   303.66   303.76 
200608  297.79   298.54   301.34   303.04   303.27 
200609  292.24   292.56   295.44   297.26   297.47 
200610  283.32   283.45   286.99   289.28   289.42 
200611  274.30   274.52   277.82   281.84   282.09 
200612  266.80   267.10   271.55   275.54   275.83 
200701  265.41   265.84   270.79   274.20   274.97 
200702  269.48   269.90   273.46   277.22   277.71 
200703  274.59   274.62   277.09   280.53   280.67 
200704  279.36   279.40   282.31   285.41   285.64 
200705  284.95   286.37   290.61   294.07   294.23 
200706  292.36   293.09   296.33   299.60   300.29 
200707  296.50   297.34   301.20   303.05   303.21 
200708  296.55   297.28   301.06   303.33   303.87 
200709  291.83   292.29   295.75   297.65   298.80 
200710  284.88   285.28   287.39   289.24   289.73 
200711  274.08   274.78   277.72   280.85   281.68 
200712  266.43   267.74   271.30   274.82   274.86 
200801  264.22   264.73   270.64   275.20   275.90 
200802  268.10   269.43   273.48   278.29   278.99 
200803  272.55   272.80   277.27   280.76   281.53 
200804  277.46   279.06   282.33   285.75   288.31 
200805  285.93   286.63   289.68   293.24   293.63 
200806  293.36   294.27   296.69   299.60   300.00 
200807  297.89   298.06   301.16   303.37   305.03 
200808  298.88   299.00   301.35   303.03   303.30 
200809  292.71   292.90   295.97   298.51   298.71 
200810  283.50   284.33   287.81   289.48   290.31 
200811  275.16   275.29   278.15   281.52   281.91 
200812  263.30   267.41   272.19   275.84   277.55 
200901  267.25   267.41   271.10   275.74   276.06 
200902  271.61   271.64   274.36   277.76   278.07 
200903  272.73   274.05   277.47   280.78   281.80 
200904  277.98   278.18   283.06   286.57   287.41 
200905  285.55   287.08   290.49   293.88   294.35 
200906  292.87   293.17   297.09   299.95   300.57 
200907  297.93   298.84   301.87   303.40   303.48 
200908  297.55   298.28   301.29   303.76   303.76 
200909  292.50   292.58   295.51   298.44   298.61 
200910  283.17   284.99   287.03   289.56   290.04 
200911  275.25   275.61   278.20   281.76   283.04 
200912  268.46   268.50   271.43   274.43   275.74 
201001  266.93   267.18   270.85   275.54   275.58 
201002  268.48   270.28   273.71   276.96   277.31 
201003  273.04   273.14   276.85   280.86   281.03 
201004  278.13   278.95   282.09   286.79   287.21 
201005  285.98   286.47   289.76   293.35   293.82 
201006  294.10   294.33   296.93   299.17   299.36 
201007  297.99   298.40   301.35   303.20   303.38 
201008  297.74   298.47   301.44   303.18   303.61 
201009  293.04   293.89   295.97   297.98   299.13 
201010  284.58   284.66   287.37   289.70   290.32 
201011  275.65   276.19   279.03   281.90   282.14 
201012  267.31   269.02   272.10   276.84   277.37 
201101  267.51   267.95   271.61   275.45   276.33 
201102  269.51   270.59   273.75   277.05   277.18 
201103  274.78   274.83   277.84   282.93   283.21 
201104  280.07   280.13   283.39   286.67   287.06 
201105  286.79   288.65   290.96   293.67   293.98 
201106  291.98   293.56   297.50   299.39   299.87 
201107  297.40   299.19   301.62   304.07   304.25 
201108  298.71   299.28   301.34   303.63   303.66 
201109  291.78   292.49   295.79   297.80   298.72 
201110  284.86   284.87   287.62   290.17   290.41 
201111  275.41   276.00   278.63   281.14   283.00 
201112  268.20   268.88   273.01   276.56   276.78 
201201  268.03   268.40   271.34   274.61   276.19 
201202  269.75   270.63   274.48   277.13   277.14 
201203  273.32   273.46   277.88   281.68   283.69 
201204  279.02   279.19   282.65   286.80   288.79 
201205  287.37   287.75   290.44   292.99   293.72 
201206  293.70   294.06   297.15   298.84   300.35 
201207  299.28   299.95   301.95   303.53   303.54 
201208  298.33   299.07   302.02   303.24   303.50 
201209  293.40   293.51   295.94   298.48   298.97 
201210  284.16   284.46   286.99   290.10   290.32 
201211  274.80   275.26   278.50   281.26   281.79 
201212  269.00   269.40   271.90   274.41   275.99 
201301  266.29   267.39   271.52   275.65   275.94 
201302  270.54   270.64   274.94   278.15   278.90 
201303  273.81   274.13   277.42   280.31   280.35 
201304  279.19   279.62   282.39   286.91   287.85 
201305  287.06   287.56   290.23   294.32   294.36 
201306  293.46   293.47   297.31   299.49   299.50 
201307  298.12   298.95   301.69   303.15   303.67 
201308  297.49   298.41   301.28   303.13   303.16 
201309  293.12   293.49   295.38   298.64   298.67 
201310  284.28   284.66   286.97   289.92   290.05 
201311  275.85   275.99   278.81   281.17   281.48 
201312  266.92   267.57   271.99   275.22   276.77 
201401  266.79   267.15   271.61   274.83   275.74 
201402  270.78   271.34   274.11   276.95   277.56 
201403  272.46   273.29   276.96   280.26   280.52 
201404  279.23   279.32   282.41   284.85   285.09 
201405  287.58   287.86   290.17   292.55   292.59 
201406  293.90   294.12   296.86   299.25   299.41 
201407  298.41   298.52   301.96   303.41   304.45 
201408  298.42   299.45   301.96   303.50   303.61 
201409  292.49   293.76   296.09   298.28   298.67 
201410  283.53   284.44   287.53   290.46   290.56 
201411  273.53   274.65   278.31   283.67   283.73 
201412  266.72   268.29   271.35   275.11   275.52 
201501  266.20   266.46   271.21   275.55   276.21 
201502  268.99   270.89   273.06   275.81   277.49 
201503  274.57   274.74   277.09   280.62   281.78 
201504  278.18   279.06   282.85   286.90   287.40 
201505  286.88   287.07   290.75   293.54   294.25 
201506  293.44   294.42   297.73   299.99   300.20 
201507  298.04   298.50   302.28   303.70   303.75 
201508  298.07   298.32   301.53   303.75   303.86 
201509  291.82   293.91   296.17   297.85   298.75 
201510  283.02   284.52   288.00   290.88   290.98 
201511  274.36   275.20   278.25   281.58   281.72 
201512  267.15   268.46   272.07   275.36   275.66 
201601  265.17   267.28   271.87   274.90   276.91 
201602  269.88   270.06   273.86   278.11   278.41 
201603  273.15   274.72   277.80   280.87   281.42 
201604  278.35   279.07   283.51   287.93   288.96 
201605  286.43   286.98   291.07   293.77   293.80 
201606  294.60   294.87   298.12   300.23   301.78 
201607  299.33   299.65   302.06   304.25   304.30 
201608  298.13   298.80   301.37   303.43   303.63 
201609  293.55   294.02   296.30   298.68   299.02 
201610  284.49   284.67   287.83   289.79   289.97 
201611  274.63   275.11   278.67   281.99   283.27 
201612  268.62   269.32   272.36   275.79   276.08 
201701  266.12   266.68   272.44   276.08   276.44 
201702  270.53   270.99   275.04   278.55   280.68 
201703  274.28   274.39   278.48   281.11   283.21 
201704  278.92   279.35   283.10   287.80   288.02 
201705  287.10   287.44   290.95   293.21   293.26 
201706  293.77   295.17   297.57   301.31   301.98 
201707  298.85   299.35   301.72   303.99   303.99 
201708  298.29   299.45   301.69   303.75   303.90 
201709  292.50   294.04   295.85   298.00   298.29 
201710  284.64   285.12   287.15   290.36   290.72 
201711  274.20   274.59   278.39   281.02   282.05 
201712  267.04   268.38   271.95   275.62   275.85 
201801  266.92   267.66   272.06   276.31   276.53 
201802  267.11   269.57   274.59   279.76   280.25 
201803  272.56   273.28   277.32   280.17   280.59 
201804  279.22   279.26   282.71   285.73   287.09 
201805  287.03   287.21   290.08   293.37   293.45 
201806  292.99   293.88   296.93   299.50   300.75 
201807  298.71   298.93   302.04   304.14   304.64 
201808  299.74   299.78   301.88   303.99   304.51 
201809  293.97   294.19   296.76   298.60   299.06 
201810  284.26   284.87   287.66   290.57   290.92 
201811  275.07   275.16   278.20   280.91   281.53 
201812  269.30   269.51   272.33   276.39   276.72 
201901  268.30   269.16   272.44   274.78   275.02 
201902  268.31   270.03   274.51   278.09   278.50 
201903  273.22   274.46   277.93   281.23   281.32 
201904  278.27   279.00   282.90   287.00   288.32 
201905  286.54   286.60   290.37   293.16   294.84 
201906  293.74   294.74   297.66   301.04   302.04 
201907  297.82   300.01   302.32   304.41   304.88 
201908  298.58   298.70   302.32   304.01   304.33 
201909  292.66   293.52   295.93   298.47   299.44 
201910  284.14   285.74   288.02   290.45   291.94 
201911  274.70   276.18   277.88   281.67   281.94 
201912  267.22   267.44   272.53   275.93   276.53 
202001  265.82   266.36   271.93   274.94   274.98 
202002  270.34   270.52   274.08   278.77   279.50 
202003  273.32   273.81   278.34   281.91   284.10 
202004  277.69   280.40   283.08   285.64   285.94 
202005  287.95   288.64   290.94   294.17   294.25 
202006  294.39   294.63   298.11   300.49   300.87 
202007  298.02   299.57   302.14   304.54   304.77 
202008  298.78   299.74   302.25   303.52   303.90 
202009  293.33   293.59   296.28   298.51   298.80 
202010  284.81   285.07   287.93   291.74   292.57 
202011  275.42   276.05   279.29   284.08   284.22 
202012  267.97   269.32   273.25   275.58   275.62 
202101  267.01   267.57   272.35   276.44   277.14 
202102  269.86   271.65   275.07   278.91   278.93 
202103  273.66   275.24   278.18   282.80   283.64 
202104  279.73   279.93   283.61   286.35   287.15 
202105  286.72   287.78   291.09   293.80   294.10 
202106  294.41   294.99   297.45   300.60   301.73 
202107  297.34   297.51   301.98   304.47   304.70 
202108  297.44   299.24   301.51   303.59   303.88 
202109  292.58   292.62   296.02   298.22   299.97 
202110  283.71   284.91   287.22   290.31   290.39 
202111  275.10   275.67   278.53   281.13   281.58 
202112  268.51   269.20   272.11   275.55   278.39 
202201  262.84   268.03   271.89   274.61   277.46 
202202  269.73   270.60   274.59   276.89   279.45 
202203  274.18   274.64   278.40   280.68   281.33 
202204  279.26   279.88   283.30   286.03   288.80 
202205  287.13   287.28   290.70   293.51   293.57 
202206  294.47   294.64   297.42   299.65   300.04 
202207  299.10   299.41   302.20   304.25   304.72 
202208  298.37   298.93   301.78   303.69   305.04 
202209  292.33   293.21   295.93   298.20   298.83 
202210  284.42   284.76   287.51   290.35   290.88 
202211  274.89   274.91   278.35   281.41   281.55 
202212  267.48   268.03   272.32   276.61   276.79 
202301  268.32   268.74   271.57   275.55   278.34 
202302  267.34   269.35   274.58   277.65   278.27 
202303  272.60   274.17   278.15   282.32   283.10 
202304  277.80   278.24   283.22   288.60   288.68 
202305  285.22   286.26   290.38   293.90   294.29 
202306  291.43   294.01   297.07   301.11   301.72 
202307  299.72   299.86   302.45   305.50   305.69 
202308  297.56   298.38   302.11   304.43   305.03 
202309  291.21   291.91   296.46   299.05   299.29 
202310  284.27   284.41   287.95   290.47   291.98 
202311  276.11   276.18   278.96   281.19   281.84 
202312  267.89   267.95   272.19   275.79   275.86 
202401  264.66   264.70   271.22   276.76   277.13 
202402  270.11   271.85   274.94   279.69   280.63 
202403  275.66   275.96   278.63   281.85   281.99 
202404  279.72   280.42   283.88   288.03   288.06 
202405  286.96   288.57   291.58   295.25   296.12 
202406  294.21   295.37   298.12   300.05   301.73 
202407  298.87   299.71   302.00   304.99   305.13 
202408  298.54   299.19   302.31   304.14   304.33 
202409  293.53   293.55   296.59   299.11   299.44 
202410  284.75   285.91   287.83   291.25   293.32 
202411  275.51   275.67   279.06   282.25   283.50 
202412  269.05   269.32   273.34   276.95   276.99 
202501  267.48   267.59   272.71   277.02   277.52 
202502  269.78   269.96   275.60   279.08   280.59 
202503  274.39   274.42   278.74   283.40   283.76 
202504  279.89   280.11   284.02   287.59   288.51 
202505  287.49   288.50   291.50   293.73   293.77 
202506  293.75   295.07   298.49   301.28   301.40 
202507  299.39   300.14   302.87   304.65   304.80 
202508  300.27   300.38   302.43   304.48   304.78 
202509  293.75   294.11   296.48   298.70   298.87 
202510  283.18   284.98   288.33   291.83   292.12 
202511  275.70   276.51   279.85   283.14   284.20 
202512  269.01   269.36   273.26   275.99   276.07 
202601  268.09   268.29   272.51   276.30   276.82 
202602  269.68   270.37   274.87   278.66   279.92 
202603  272.51   275.39   278.32   282.04   282.99 
202604  278.12   280.44   283.48   286.63   287.79 
202605  286.37   286.93   291.64   294.39   295.67 
202606  293.82   294.25   297.22   300.67   301.26 
202607  298.98   299.40   302.30   304.81   304.93 
202608  299.74   300.21   302.26   304.55   304.76 
202609  294.77   294.89   297.02   298.83   299.84 
202610  284.79   285.13   288.29   290.53   290.79 
202611  275.55   275.79   278.89   281.41   281.66 
202612  268.50   268.69   272.60   274.76   276.42 
202701  267.58   267.58   271.92   276.27   276.53 
202702  270.67   271.11   275.07   279.28   279.80 
202703  272.58   273.27   278.27   280.55   282.98 
202704  279.65   280.70   282.99   287.09   287.78 
202705  285.54   287.92   291.18   293.68   294.39 
202706  293.95   294.01   298.01   300.66   300.89 
202707  298.51   298.91   302.68   305.19   305.34 
202708  298.81   299.21   302.53   304.27   304.86 
202709  294.13   294.56   296.69   298.24   298.32 
202710  285.58   285.68   288.70   291.06   291.36 
202711  275.66   275.80   279.78   282.13   282.94 
202712  268.66   270.26   272.49   277.40   277.52 
202801  268.34   269.21   272.98   277.14   277.81 
202802  271.07   271.14   274.94   278.42   278.49 
202803  275.53   275.76   278.62   281.30   282.04 
202804  280.90   281.19   284.67   286.33   287.13 
202805  288.30   288.64   291.72   294.00   294.50 
202806  294.13   295.18   298.00   300.94   300.96 
202807  298.81   299.64   302.44   305.01   305.09 
202808  297.94   298.28   302.17   304.26   304.54 
202809  293.86   294.10   297.07   299.19   299.22 
202810  284.35   285.02   288.81   291.08   291.34 
202811  276.03   276.16   279.17   282.60   283.03 
202812  268.16   269.68   273.20   276.00   276.08 
202901  267.91   268.98   271.96   275.55   276.10 
202902  270.14   271.45   275.87   278.91   279.45 
202903  275.92   276.14   278.85   281.15   283.36 
202904  280.65   280.80   284.21   287.75   288.18 
202905  287.53   289.04   291.51   293.78   294.12 
202906  294.92   295.91   298.41   301.00   301.99 
202907  299.00   299.21   303.00   304.62   305.50 
202908  299.18   299.23   302.78   304.09   304.11 
202909  294.19   294.26   296.60   299.01   299.08 
202910  286.09   286.13   288.36   291.12   291.76 
202911  274.42   274.67   279.24   282.20   282.73 
202912  268.79   269.29   272.03   275.57   276.20 
203001  265.63   268.09   272.16   276.83   277.02 
203002  270.00   271.08   276.21   278.69   279.04 
203003  273.56   274.22   278.61   283.44   283.81 
203004  276.94   280.77   284.84   288.11   288.91 
203005  286.79   287.63   292.23   295.37   296.00 
203006  294.36   294.95   298.55   301.02   301.48 
203007  299.59   299.69   302.85   305.22   305.25 
203008  299.33   299.79   302.58   305.07   305.21 
203009  292.91   294.05   296.91   298.86   298.95 
203010  284.88   285.92   288.35   291.64   291.86 
203011  273.43   275.74   279.31   282.21   282.54 
203012  267.53   268.94   271.80   276.63   277.12 
203101  266.97   267.30   271.89   276.11   277.74 
203102  270.40   271.14   275.64   278.36   280.33 
203103  274.89   274.96   278.37   282.54   282.96 
203104  280.52   280.75   283.97   289.58   289.72 
203105  288.53   289.13   291.15   294.13   294.14 
203106  294.89   295.09   297.55   301.14   301.80 
203107  299.72   299.80   302.65   304.70   304.93 
203108  298.29   300.51   302.73   303.99   304.23 
203109  293.96   294.65   296.77   299.26   299.90 
203110  284.13   285.53   288.65   290.83   292.43 
203111  276.72   277.07   279.23   281.89   282.27 
203112  267.81   268.47   273.19   277.50   277.83 
203201  267.66   268.08   272.84   276.59   277.75 
203202  270.45   271.44   274.79   278.87   279.42 
203203  274.10   274.89   278.47   281.15   281.21 
203204  278.38   279.29   284.02   287.68   288.41 
203205  287.72   288.01   291.62   295.19   295.71 
203206  293.14   295.08   298.43   300.18   301.49 
203207  298.32   298.65   302.30   304.14   306.18 
203208  297.70   298.13   302.38   303.82   304.97 
203209  292.86   293.09   296.84   299.52   299.61 
203210  285.00   285.17   288.40   290.76   291.52 
203211  276.35   276.46   279.48   281.56   283.37 
203212  267.56   268.99   272.61   276.28   276.77 
203301  265.74   268.24   272.50   276.40   276.42 
203302  269.78   269.82   275.04   277.79   278.85 
203303  272.46   275.28   277.69   281.85   281.89 
203304  277.07   280.24   283.40   287.83   289.07 
203305  288.36   288.52   290.82   294.89   295.56 
203306  292.66   294.45   297.83   299.61   300.62 
203307  297.80   298.48   302.37   304.94   305.50 
203308  299.75   300.33   301.86   304.37   304.48 
203309  294.72   295.05   297.02   298.95   299.41 
203310  284.90   285.19   288.81   291.64   291.83 
203311  275.31   275.85   279.56   282.14   282.61 
203312  268.35   269.00   272.67   275.34   276.62 
203401  265.87   268.62   272.99   276.69   276.92 
203402  272.23   272.55   275.44   278.49   279.41 
203403  273.96   275.23   278.68   281.13   282.48 
203404  278.22   281.27   284.11   287.95   288.20 
203405  287.27   287.67   291.68   294.43   294.46 
203406  293.45   295.52   297.83   301.47   301.97 
203407  297.01   299.01   303.28   304.96   305.66 
203408  300.06   300.41   302.80   304.77   305.49 
203409  292.29   294.52   297.51   299.83   300.48 
203410  285.76   286.08   288.59   291.68   291.91 
203411  276.87   276.94   279.53   282.83   283.70 
203412  269.24   270.57   273.92   277.00   277.79 
203501  268.19   268.26   273.97   277.81   277.88 
203502  270.02   271.52   275.66   278.95   280.25 
203503  272.42   275.63   279.44   284.17   286.24 
203504  281.25   281.28   284.69   287.99   289.64 
203505  288.70   289.83   292.14   295.39   295.85 
203506  294.85   294.86   299.01   301.51   302.26 
203507  300.23   300.30   303.36   305.25   305.47 
203508  299.13   300.45   303.08   304.70   305.61 
203509  294.21   294.87   297.21   299.56   300.91 
203510  286.14   286.33   288.87   291.35   291.69 
203511  276.00   276.13   279.47   282.78   283.78 
203512  268.90   269.42   272.89   276.97   277.34 
203601  264.89   265.48   272.52   276.95   277.52 
203602  270.26   271.53   275.58   279.92   279.92 
203603  276.18   277.02   279.24   283.12   286.05 
203604  280.46   281.42   284.63   288.77   290.66 
203605  287.99   289.32   291.83   294.55   295.31 
203606  294.78   294.87   298.19   300.96   301.43 
203607  298.31   298.89   302.61   305.16   305.57 
203608  298.20   299.83   302.85   305.00   305.54 
203609  293.92   294.65   297.05   299.94   300.21 
203610  286.19   286.47   288.91   291.74   291.78 
203611  275.87   276.84   279.62   282.40   283.71 
203612  267.94   268.48   273.02   277.42   278.11 
203701  266.62   267.39   273.07   277.13   277.97 
203702  269.79   270.35   274.98   280.30   281.42 
203703  274.27   274.48   279.16   283.04   283.58 
203704  280.98   281.87   285.35   288.94   289.97 
203705  288.93   289.54   291.59   295.63   295.78 
203706  295.19   295.21   298.31   301.79   302.23 
203707  299.47   300.93   303.36   305.48   305.53 
203708  299.45   299.76   303.37   304.93   305.46 
203709  293.86   294.28   297.44   300.21   300.54 
203710  285.05   285.18   288.83   292.33   293.27 
203711  276.24   276.70   279.78   282.15   282.97 
203712  268.59   269.77   273.73   277.10   277.24 
203801  266.72   267.78   272.51   275.60   276.17 
203802  270.57   271.27   274.82   278.44   279.12 
203803  274.38   274.90   278.49   280.92   281.09 
203804  280.07   280.32   283.44   287.06   288.62 
203805  288.58   288.59   291.65   294.41   294.79 
203806  295.55   295.74   298.28   300.52   300.90 
203807  298.55   301.00   303.39   305.01   305.80 
203808  300.52   300.98   303.16   305.08   305.09 
203809  294.49   294.82   297.45   299.68   301.43 
203810  284.52   285.12   288.69   291.68   292.21 
203811  275.92   276.73   279.80   283.19   283.38 
203812  269.14   270.50   274.09   277.25   278.09 
203901  270.05   270.44   273.58   276.10   277.08 
203902  270.90   271.36   275.93   278.45   279.33 
203903  276.48   277.00   279.11   282.95   283.10 
203904  281.17   281.66   284.35   287.88   288.47 
203905  288.81   289.97   291.98   295.81   295.81 
203906  294.66   295.29   298.51   301.27   302.20 
203907  299.17   301.07   303.42   305.27   305.65 
203908  301.34   301.78   303.96   305.63   305.91 
203909  293.83   294.39   297.74   300.54   300.66 
203910  286.41   287.03   288.80   291.34   292.71 
203911  274.81   275.09   279.68   283.04   284.16 
203912  267.39   270.03   274.54   276.92   277.24 
204001  268.27   268.55   273.22   276.36   277.85 
204002  271.99   272.37   275.20   279.60   280.09 
204003  275.79   276.24   279.31   282.78   283.64 
204004  279.33   281.28   283.90   288.34   289.42 
204005  287.65   288.35   292.26   294.64   294.78 
204006  295.89   296.47   299.50   301.86   301.86 
204007  300.45   300.78   303.36   305.25   305.96 
204008  299.87   300.76   303.21   305.41   305.58 
204009  294.41   294.45   297.41   300.08   300.52 
204010  285.15   285.98   288.54   292.27   293.10 
204011  276.45   276.75   280.09   281.65   282.55 
204012  269.93   270.26   273.83   277.42   277.69 
204101  268.58   268.67   272.91   276.82   277.40 
204102  271.06   271.11   275.76   279.96   279.97 
204103  272.43   274.30   279.28   281.81   281.97 
204104  278.66   280.97   284.83   288.22   288.70 
204105  288.01   289.49   292.03   295.16   296.29 
204106  293.24   294.34   298.28   300.81   301.21 
204107  299.36   299.96   302.74   305.45   305.92 
204108  299.27   299.77   302.72   305.53   306.19 
204109  293.72   293.98   297.60   299.89   300.03 
204110  283.01   286.84   289.33   292.04   292.69 
204111  276.53   277.28   280.24   282.23   283.39 
204112  268.76   269.35   273.86   277.55   278.18 
204201  267.64   268.97   273.11   276.93   277.25 
204202  273.27   273.31   275.62   280.22   281.85 
204203  274.65   276.26   279.67   282.69   283.11 
204204  280.82   280.99   285.18   286.93   287.14 
204205  288.71   289.00   292.44   295.29   295.81 
204206  294.38   295.26   298.74   301.24   301.75 
204207  299.38   300.33   303.16   305.73   305.99 
204208  298.16   299.09   303.20   305.65   305.90 
204209  292.54   295.26   297.65   300.22   300.45 
204210  285.81   286.42   288.30   290.99   291.41 
204211  276.30   277.35   280.67   283.32   283.76 
204212  267.95   269.96   273.85   276.27   276.65 
204301  268.18   269.83   273.59   276.36   276.98 
204302  271.93   272.03   276.74   279.47   280.47 
204303  274.93   275.61   279.45   282.04   282.75 
204304  278.94   280.50   285.16   288.98   289.55 
204305  287.81   289.22   291.84   294.65   295.27 
204306  294.52   295.79   299.09   302.18   302.29 
204307  298.79   300.14   303.39   306.92   307.25 
204308  298.55   300.25   303.36   306.27   307.16 
204309  293.70   294.80   298.16   299.99   301.60 
204310  286.05   286.49   289.63   292.33   292.99 
204311  276.93   278.50   280.02   284.28   284.47 
204312  269.96   271.21   273.96   278.21   278.83 
204401  268.05   269.83   272.84   277.61   278.70 
204402  271.43   271.44   275.50   278.18   278.38 
204403  276.91   277.18   279.09   283.24   283.25 
204404  280.72   281.10   284.95   289.75   290.52 
204405  289.39   289.40   292.13   295.18   295.62 
204406  294.11   295.32   299.20   301.17   301.27 
204407  298.93   299.49   303.57   305.97   305.98 
204408  298.57   298.83   303.11   305.38   305.38 
204409  295.57   295.61   297.96   300.77   301.07 
204410  286.87   286.88   289.00   291.99   292.13 
204411  276.82   277.04   279.66   282.76   283.69 
204412  268.51   268.59   273.63   277.62   280.28 
204501  268.37   268.75   273.20   277.13   278.58 
204502  272.71   272.82   276.43   280.12   280.79 
204503  274.98   276.44   279.20   283.03   283.70 
204504  280.52   280.96   284.93   288.05   288.08 
204505  288.59   289.15   292.16   295.34   296.34 
204506  295.49   296.39   299.29   301.44   302.30 
204507  299.40   300.76   303.43   305.74   305.79 
204508  300.85   301.29   303.72   305.33   305.60 
204509  294.61   295.98   298.26   300.16   300.90 
204510  286.20   286.82   289.73   291.85   292.04 
204511  277.89   277.94   280.52   283.30   283.42 
204512  271.13   271.38   274.32   277.64   277.85 
204601  265.85   270.91   274.21   277.31   278.50 
204602  271.88   271.91   276.54   280.27   280.87 
204603  274.51   275.99   280.38   282.73   283.24 
204604  279.80   281.91   284.89   288.59   289.89 
204605  288.10   288.47   292.63   295.40   296.20 
204606  293.51   295.96   298.99   302.67   304.07 
204607  300.14   300.33   303.59   305.88   306.29 
204608  300.40   300.60   303.51   305.87   306.25 
204609  293.88   294.97   297.92   299.66   299.88 
204610  286.28   287.22   290.00   292.18   292.49 
204611  273.89   278.01   280.22   283.63   284.21 
204612  270.44   270.45   273.47   277.93   279.56 
204701  268.90   269.74   273.11   277.03   280.08 
204702  270.93   271.34   276.11   279.96   280.01 
204703  274.52   274.53   279.08   282.60   282.82 
204704  280.81   280.83   284.85   288.97   290.56 
204705  288.68   289.52   293.19   295.33   296.65 
204706  294.82   294.83   299.28   301.70   302.18 
204707  299.95   300.79   303.92   305.93   306.31 
204708  299.31   300.58   304.06   305.78   305.80 
204709  295.56   295.93   298.26   300.51   300.82 
204710  286.87   287.24   289.61   292.34   292.75 
204711  276.28   277.94   280.71   283.23   283.28 
204712  269.74   269.93   273.92   275.96   276.26 
204801  269.42   270.55   274.31   276.90   279.20 
204802  273.30   273.40   276.22   279.24   279.68 
204803  276.74   277.16   280.10   283.68   283.85 
204804  281.02   281.20   285.36   288.15   289.55 
204805  288.80   289.09   292.54   295.35   296.31 
204806  295.21   296.03   299.20   301.30   301.38 
204807  299.76   299.77   304.17   305.91   305.91 
204808  299.34   301.56   304.17   305.94   305.95 
204809  295.82   296.24   298.20   300.67   301.31 
204810  287.19   287.49   290.09   292.23   292.65 
204811  276.72   276.99   281.21   283.98   284.36 
204812  271.23   271.24   273.79   277.96   279.78 
204901  267.26   267.60   272.99   276.43   278.63 
204902  273.11   273.25   276.08   279.50   279.78 
204903  275.34   275.40   279.26   282.44   283.05 
204904  280.78   281.26   285.04   290.59   291.20 
204905  287.84   289.15   292.71   295.69   295.92 
204906  295.07   295.07   299.07   301.14   301.62 
204907  298.53   299.83   304.09   306.57   306.62 
204908  299.44   300.04   304.26   305.48   305.52 
204909  293.71   295.10   298.47   300.80   301.67 
204910  285.82   287.51   290.26   292.80   292.80 
204911  278.77   278.89   280.95   283.66   283.76 
204912  269.61   270.63   274.08   277.81   278.19 
205001  268.61   268.96   273.52   275.74   278.23 
205002  272.39   272.83   276.38   278.26   278.28 
205003  274.75   277.30   280.11   283.13   283.22 
205004  282.76   282.96   285.68   290.10   292.03 
205005  290.08   290.38   293.10   296.06   296.09 
205006  296.87   296.89   299.82   301.76   302.42 
205007  299.64   300.98   304.05   306.28   306.54 
205008  301.13   301.83   304.24   305.80   306.78 
205009  295.10   295.82   297.93   300.28   301.06 
205010  286.72   286.85   290.11   292.76   294.08 
205011  277.90   278.05   280.44   284.04   284.10 
205012  269.22   269.93   274.53   277.45   277.58 
205101  267.31   267.53   273.71   277.54   278.00 
205102  268.61   271.83   276.14   279.99   280.34 
205103  274.14   275.76   279.32   282.35   282.75 
205104  281.30   281.48   285.39   288.08   288.42 
205105  289.79   290.01   292.88   295.79   296.00 
205106  296.12   296.28   298.73   302.07   302.46 
205107  300.22   301.04   303.34   306.55   307.33 
205108  299.97   300.80   303.73   306.00   306.95 
205109  294.65   295.23   297.80   300.22   300.66 
205110  286.25   287.25   290.34   292.38   292.77 
205111  277.64   277.96   280.90   283.97   284.05 
205112  270.14   270.38   274.10   277.39   278.03 
205201  269.45   269.47   273.51   278.83   280.02 
205202  269.38   270.79   276.11   280.00   280.74 
205203  276.05   276.80   279.54   283.35   285.84 
205204  281.26   282.23   284.83   288.35   288.46 
205205  289.53   289.71   292.75   295.45   295.64 
205206  296.32   297.02   299.55   302.20   302.89 
205207  300.12   300.47   303.65   305.72   305.96 
205208  300.60   301.08   304.15   305.80   306.49 
205209  295.54   295.78   298.43   301.26   301.44 
205210  286.32   287.85   289.98   292.69   293.14 
205211  277.22   278.09   281.30   283.77   283.88 
205212  270.33   271.32   274.99   278.20   278.79 
205301  269.25   269.47   273.79   276.81   279.62 
205302  273.51   273.97   277.05   280.81   281.93 
205303  275.32   276.95   280.35   284.65   285.08 
205304  279.96   282.45   285.59   289.28   290.37 
205305  288.79   289.47   293.03   296.03   296.11 
205306  296.94   297.48   299.15   301.29   301.92 
205307  301.68   301.99   304.30   306.51   306.73 
205308  301.75   302.01   304.46   306.35   306.67 
205309  295.31   295.92   298.62   301.11   301.14 
205310  287.47   287.54   289.73   293.45   293.53 
205311  277.21   277.72   280.70   284.07   284.59 
205312  270.67   271.23   275.05   277.98   278.12 
205401  269.83   270.54   273.50   279.17   279.46 
205402  271.59   272.42   276.68   280.21   281.07 
205403  273.28   273.55   280.60   283.82   286.15 
205404  280.30   282.27   285.93   289.22   289.43 
205405  290.50   290.90   292.89   296.20   297.15 
205406  295.29   296.76   300.01   302.61   302.99 
205407  300.12   300.31   303.88   306.97   307.28 
205408  300.91   301.49   303.63   306.16   306.59 
205409  295.08   295.47   298.42   300.85   301.17 
205410  286.47   286.87   290.20   292.81   293.09 
205411  277.86   278.70   280.57   284.51   285.21 
205412  270.97   271.54   274.67   278.05   278.48 
205501  270.20   270.52   272.91   276.52   276.61 
205502  273.11   273.57   276.46   280.13   281.05 
205503  274.71   276.38   279.81   282.20   285.09 
205504  280.36   281.00   285.25   290.91   290.94 
205505  289.13   290.45   294.00   296.40   296.74 
205506  296.86   296.90   299.99   303.43   304.29 
205507  299.91   300.54   304.39   306.80   307.02 
205508  301.93   302.82   304.59   306.64   307.97 
205509  293.87   294.33   298.99   300.97   301.14 
205510  287.33   287.33   290.34   294.13   294.95 
205511  277.74   278.21   280.92   284.89   285.92 
205512  270.34   270.63   274.36   278.35   278.63 
205601  268.75   269.24   274.60   277.73   277.82 
205602  271.78   271.95   277.20   280.14   280.31 
205603  276.63   276.72   280.25   283.15   284.51 
205604  282.19   282.42   286.13   289.37   289.79 
205605  290.83   290.93   293.41   296.99   297.68 
205606  297.46   297.78   299.64   302.17   302.21 
205607  300.63   301.79   304.08   306.70   307.10 
205608  300.16   302.31   304.75   306.36   306.47 
205609  295.01   296.22   298.57   301.40   301.40 
205610  286.62   287.78   289.37   292.97   293.54 
205611  278.21   278.40   280.73   283.44   283.67 
205612  271.51   271.75   274.80   277.55   279.49 
205701  268.92   269.67   274.02   276.72   277.20 
205702  272.58   273.30   276.84   279.98   281.42 
205703  275.69   276.21   280.61   283.35   283.77 
205704  282.99   284.18   286.29   288.94   289.73 
205705  289.92   290.06   292.96   296.06   296.49 
205706  296.62   297.44   300.19   302.23   303.22 
205707  301.38   301.45   304.72   307.01   307.48 
205708  300.40   301.52   304.91   306.26   306.90 
205709  295.71   296.66   298.93   300.84   301.53 
205710  287.27   287.59   290.04   293.78   294.93 
205711  278.73   278.96   281.53   284.07   284.14 
205712  270.87   271.16   274.44   277.96   278.95 
205801  271.75   271.80   273.99   277.68   278.56 
205802  273.10   273.59   277.00   279.79   280.08 
205803  277.54   277.88   280.86   284.34   284.92 
205804  282.96   283.43   286.05   290.56   290.57 
205805  290.27   291.94   293.87   296.65   299.27 
205806  296.28   296.49   300.07   303.99   304.86 
205807  300.03   301.39   304.72   307.32   307.38 
205808  299.16   301.30   304.80   306.66   306.66 
205809  295.58   296.39   299.04   301.46   302.03 
205810  287.48   287.74   290.38   293.50   293.51 
205811  277.60   278.15   281.27   283.94   284.01 
205812  270.60   271.10   274.79   278.10   279.34 
205901  271.22   271.48   274.34   277.53   279.72 
205902  273.00   273.96   277.29   280.74   282.28 
205903  277.28   277.74   280.72   284.23   284.61 
205904  281.78   282.86   286.29   290.86   291.55 
205905  289.99   290.76   293.96   296.50   297.08 
205906  296.06   297.25   300.15   301.69   303.21 
205907  300.71   301.12   304.73   306.83   306.88 
205908  300.22   301.05   304.62   306.59   306.64 
205909  294.32   295.75   299.01   302.12   302.47 
205910  287.62   287.99   290.50   293.62   295.18 
205911  278.91   279.21   281.89   284.36   284.78 
205912  269.04   270.91   275.08   277.73   278.23 
206001  266.24   269.25   274.38   279.33   282.26 
206002  272.85   273.89   276.96   280.21   283.85 
206003  277.56   277.67   280.24   283.36   285.02 
206004  281.16   281.62   285.84   289.34   290.09 
206005  290.75   290.78   293.88   296.48   296.83 
206006  297.12   297.31   300.47   302.66   303.16 
206007  301.75   301.93   304.47   306.44   306.88 
206008  301.60   301.88   305.13   306.89   307.14 
206009  294.98   295.34   299.00   301.23   301.29 
206010  287.12   288.77   290.52   293.31   293.49 
206011  277.63   278.03   281.40   285.08   285.53 
206012  271.23   272.06   274.68   278.93   280.73 
206101  269.55   270.65   274.44   277.96   278.58 
206102  274.47   275.31   276.88   280.74   281.13 
206103  276.66   277.40   281.01   283.77   284.49 
206104  282.00   282.31   285.90   290.67   291.06 
206105  289.71   289.94   293.50   296.61   297.48 
206106  294.37   296.73   299.79   302.49   303.21 
206107  301.37   302.22   304.84   307.22   307.30 
206108  300.69   301.82   304.51   307.31   307.49 
206109  295.15   295.42   298.76   300.94   301.41 
206110  285.93   287.57   290.30   293.97   294.42 
206111  278.63   278.77   281.71   284.55   284.90 
206112  271.62   271.72   275.03   277.81   278.37 
206201  270.91   271.10   274.16   277.56   278.19 
206202  273.46   273.68   276.86   280.33   280.52 
206203  277.10   277.99   280.18   282.58   283.20 
206204  282.27   283.28   285.98   290.31   291.34 
206205  289.99   291.19   294.28   298.43   298.50 
206206  296.18   296.76   300.00   303.57   303.94 
206207  300.86   301.83   304.80   307.24   307.31 
206208  300.08   301.40   304.15   306.27   307.01 
206209  296.78   296.80   299.08   301.93   302.09 
206210  287.50   287.70   290.83   292.55   292.74 
206211  277.34   277.87   281.61   284.77   286.80 
206212  271.51   272.33   274.99   277.40   278.56 
206301  268.60   270.95   274.00   277.53   279.55 
206302  272.08   273.18   277.42   280.67   283.88 
206303  275.20   276.21   280.56   283.87   284.87 
206304  282.48   283.18   286.30   289.10   290.89 
206305  290.52   290.91   294.35   296.43   296.48 
206306  296.25   296.85   300.27   302.67   303.85 
206307  300.29   300.60   305.22   307.93   307.93 
206308  300.24   300.35   304.95   307.02   307.11 
206309  294.68   295.81   299.17   301.22   301.28 
206310  286.57   287.74   290.67   294.82   295.39 
206311  277.88   278.99   280.99   284.00   286.63 
206312  270.75   272.01   275.03   279.07   279.40 
206401  270.45   270.50   274.47   278.94   279.99 
206402  272.88   274.31   277.45   280.66   281.12 
206403  277.29   277.64   280.11   284.15   285.59 
206404  282.80   283.57   287.39   290.08   290.91 
206405  290.68   291.10   294.32   296.90   297.96 
206406  296.05   296.22   300.83   303.03   303.22 
206407  302.14   302.35   305.22   307.43   307.61 
206408  302.09   302.88   305.43   307.79   308.15 
206409  296.56   297.17   299.43   302.22   302.39 
206410  288.19   288.45   290.92   293.50   294.33 
206411  276.33   278.92   282.05   285.28   287.44 
206412  271.57   271.61   275.64   279.08   279.68 
206501  270.29   271.01   275.28   279.38   281.89 
206502  274.41   275.05   277.59   280.27   280.76 
206503  277.92   278.21   281.14   284.55   284.62 
206504  283.09   283.49   287.44   290.21   291.00 
206505  291.37   291.53   294.40   297.81   297.97 
206506  296.30   298.27   301.32   303.75   303.86 
206507  300.89   302.54   305.82   308.53   308.58 
206508  303.20   303.34   305.85   307.34   307.65 
206509  295.35   296.84   299.58   302.71   303.48 
206510  287.21   288.45   291.49   294.19   295.53 
206511  278.68   279.34   282.17   285.08   285.20 
206512  272.17   273.05   275.97   279.16   280.18 
206601  269.82   270.51   275.26   278.94   279.38 
206602  273.44   274.32   277.47   281.51   284.74 
206603  277.91   277.95   281.27   284.82   288.25 
206604  283.05   283.19   286.95   290.76   291.02 
206605  291.49   291.54   294.02   298.16   298.55 
206606  297.17   298.40   300.45   304.19   304.35 
206607  302.22   302.78   305.12   307.81   307.87 
206608  300.08   301.43   305.36   307.34   308.05 
206609  295.62   296.01   298.99   301.42   303.10 
206610  286.70   287.83   291.71   293.86   294.18 
206611  277.76   278.24   281.44   286.64   286.83 
206612  271.33   272.18   275.71   279.74   280.22 
206701  269.86   271.85   274.92   280.17   281.67 
206702  273.75   273.82   277.31   281.09   282.32 
206703  276.21   278.16   280.47   284.73   285.04 
206704  282.84   283.45   287.22   290.21   291.02 
206705  290.32   290.47   294.50   296.59   296.68 
206706  297.96   298.57   300.83   302.62   302.77 
206707  301.02   301.91   305.51   307.62   307.75 
206708  301.94   302.99   305.27   307.31   307.51 
206709  295.54   296.80   299.72   302.08   303.39 
206710  286.50   287.78   290.83   293.47   293.77 
206711  278.03   279.09   281.60   285.24   285.86 
206712  271.42   271.71   275.42   278.49   278.56 
206801  270.94   272.23   275.44   279.49   280.31 
206802  273.12   273.12   277.15   281.08   283.06 
206803  276.41   276.82   280.75   286.64   286.76 
206804  280.49   282.35   286.76   290.07   291.02 
206805  290.66   291.02   294.22   297.20   297.95 
206806  297.19   298.48   300.43   304.41   305.63 
206807  301.26   301.66   305.91   308.18   308.25 
206808  301.85   302.83   306.06   307.71   307.72 
206809  296.02   296.11   299.73   302.13   302.22 
206810  288.15   288.30   291.50   293.71   294.23 
206811  278.65   278.92   282.06   285.26   285.87 
206812  271.46   272.27   275.56   278.99   279.86 
206901  269.93   270.05   274.90   278.74   281.44 
206902  272.10   272.31   277.58   280.09   280.81 
206903  276.63   276.82   280.71   285.36   288.07 
206904  283.80   283.83   287.65   291.85   295.36 
206905  291.37   292.22   294.26   297.85   299.72 
206906  298.30   298.40   301.18   303.93   304.17 
206907  301.93   303.04   305.96   307.75   308.75 
206908  301.95   302.16   306.30   307.83   308.10 
206909  296.46   297.01   299.91   301.55   302.35 
206910  288.37   288.59   291.43   294.49   294.50 
206911  278.57   279.12   282.30   285.74   286.20 
206912  272.21   273.62   275.63   279.26   281.66 
207001  269.62   269.65   275.09   279.23   280.16 
207002  271.26   273.38   278.21   281.85   281.91 
207003  277.77   278.08   281.98   285.36   285.47 
207004  283.03   283.61   287.09   291.07   292.77 
207005  291.92   292.31   295.27   297.56   297.64 
207006  296.29   297.36   300.52   303.10   305.27 
207007  301.28   303.20   305.91   308.24   308.84 
207008  301.55   301.82   305.59   308.04   308.05 
207009  295.68   296.19   299.96   302.85   303.74 
207010  287.37   288.04   291.08   293.56   294.00 
207011  280.17   280.45   282.19   285.36   285.78 
207012  269.75   272.32   276.42   279.88   280.32 
207101  270.51   272.72   275.39   278.53   279.79 
207102  274.01   275.54   277.69   281.32   283.20 
207103  277.51   277.66   280.89   284.45   284.70 
207104  284.33   284.50   287.34   289.97   290.24 
207105  291.30   292.06   294.73   298.39   298.50 
207106  298.93   299.11   301.19   304.06   305.67 
207107  300.51   301.63   305.33   308.31   308.71 
207108  301.64   302.07   304.94   307.62   308.35 
207109  295.32   295.71   300.00   301.65   301.76 
207110  288.48   288.50   290.91   294.22   295.45 
207111  278.60   279.07   282.32   283.82   284.63 
207112  272.54   273.23   275.55   279.44   279.50 
207201  270.67   271.54   274.69   276.56   278.25 
207202  271.93   274.10   277.94   280.44   282.38 
207203  276.44   277.57   281.60   284.27   284.84 
207204  282.88   283.25   287.23   291.62   291.73 
207205  291.72   292.10   294.24   297.32   298.10 
207206  297.36   298.01   300.81   303.08   303.22 
207207  301.25   301.86   305.71   307.56   307.65 
207208  301.24   301.31   306.10   307.75   308.39 
207209  296.95   297.41   299.51   302.31   302.34 
207210  288.11   288.31   291.26   294.72   295.26 
207211  279.46   279.74   282.58   285.67   287.21 
207212  271.53   272.44   276.34   278.63   279.49 
207301  271.13   272.21   275.69   280.07   280.12 
207302  274.35   275.82   278.19   282.48   283.30 
207303  277.55   279.23   281.83   284.19   284.92 
207304  282.25   283.01   287.28   291.30   291.51 
207305  292.13   292.51   294.88   297.56   298.21 
207306  297.47   297.90   301.75   303.44   304.45 
207307  303.14   303.22   306.15   308.58   308.85 
207308  303.50   303.68   306.52   308.36   308.55 
207309  297.00   298.84   300.83   302.46   303.02 
207310  287.94   289.61   292.07   294.52   294.75 
207311  279.49   279.70   283.18   286.29   287.38 
207312  272.97   273.89   276.47   281.37   281.48 
207401  271.65   272.05   275.86   279.33   279.98 
207402  273.10   273.55   278.36   282.32   283.06 
207403  278.52   278.58   281.96   286.19   286.74 
207404  283.21   284.22   288.39   291.98   292.23 
207405  292.35   292.85   295.62   298.28   298.47 
207406  299.28   299.37   302.06   303.45   303.50 
207407  302.34   302.90   306.65   308.66   308.93 
207408  302.14   303.20   306.72   308.76   308.81 
207409  296.68   298.19   300.72   303.10   303.52 
207410  289.45   289.53   291.80   295.66   296.38 
207411  279.32   279.87   282.76   285.58   286.78 
207412  270.35   272.08   276.37   279.19   279.59 
207501  269.45   271.94   275.44   279.77   280.71 
207502  276.33   276.43   278.81   281.48   284.88 
207503  277.43   277.91   281.69   285.08   286.45 
207504  282.57   283.30   287.63   290.50   291.36 
207505  291.83   292.15   295.66   297.72   298.78 
207506  297.92   298.67   301.84   304.18   305.19 
207507  302.23   302.89   306.61   308.82   308.92 
207508  301.41   303.60   306.03   308.21   308.22 
207509  296.24   296.85   300.47   302.54   303.66 
207510  288.03   288.96   291.60   294.19   294.50 
207511  280.31   280.40   283.25   286.79   287.48 
207512  271.16   271.97   276.71   279.02   279.29 
207601  271.05   271.79   275.51   278.64   278.68 
207602  271.30   274.08   278.37   281.92   282.12 
207603  274.35   277.57   281.94   286.09   287.97 
207604  281.98   282.37   287.64   290.65   293.66 
207605  290.30   292.63   295.64   298.32   299.31 
207606  298.21   299.34   301.25   304.07   304.95 
207607  301.20   302.00   305.76   307.81   308.00 
207608  302.21   302.76   306.11   307.81   308.82 
207609  296.82   297.80   299.93   302.40   302.42 
207610  288.08   289.28   291.44   294.62   294.96 
207611  279.76   279.95   283.00   285.92   285.96 
207612  273.06   273.21   276.40   279.57   280.34 
207701  268.56   270.60   275.30   278.52   278.59 
207702  272.30   273.79   277.62   281.39   281.91 
207703  275.56   277.84   281.24   285.25   285.59 
207704  282.91   284.05   287.87   290.87   291.31 
207705  291.88   292.29   294.84   297.90   298.74 
207706  296.54   297.68   301.63   303.79   304.49 
207707  302.32   302.88   305.97   308.90   309.04 
207708  303.06   303.60   306.64   308.49   308.85 
207709  298.24   298.60   300.77   302.85   303.28 
207710  287.66   288.18   291.56   294.76   295.54 
207711  278.90   279.25   283.29   285.85   286.05 
207712  271.86   272.44   276.04   279.11   279.12 
207801  270.28   271.34   275.53   279.59   281.98 
207802  273.90   274.28   278.65   281.85   283.01 
207803  278.40   278.62   282.52   286.69   288.19 
207804  284.32   285.70   288.15   292.91   293.06 
207805  290.21   291.25   295.74   298.79   299.74 
207806  298.12   299.21   302.81   305.11   305.64 
207807  301.86   303.63   306.83   309.16   309.67 
207808  301.18   302.26   306.59   308.54   308.61 
207809  296.52   296.66   300.79   303.65   303.85 
207810  288.80   289.05   291.87   295.17   295.53 
207811  280.20   280.56   283.18   286.55   286.95 
207812  268.14   273.22   276.62   281.22   281.30 
207901  270.16   271.45   277.04   281.14   282.06 
207902  274.28   275.22   279.14   283.89   286.98 
207903  278.81   279.75   282.33   286.24   286.65 
207904  284.52   284.56   288.55   292.31   293.56 
207905  292.99   293.27   295.53   299.26   299.59 
207906  298.43   299.11   302.44   304.88   305.24 
207907  302.06   302.38   306.81   309.82   310.25 
207908  302.18   303.28   306.70   308.49   308.66 
207909  297.86   298.75   301.20   303.49   304.86 
207910  287.12   289.29   291.89   296.18   297.36 
207911  279.34   279.49   282.46   286.35   286.95 
207912  271.12   273.68   277.19   279.83   280.25 
208001  270.09   273.25   276.25   278.97   280.33 
208002  275.19   275.45   279.15   283.52   283.68 
208003  278.82   279.27   282.29   286.22   287.30 
208004  283.47   284.72   288.81   293.05   293.16 
208005  290.88   292.23   295.95   298.51   298.76 
208006  299.65   300.47   302.56   305.47   305.62 
208007  301.89   303.34   306.89   309.12   309.22 
208008  301.72   302.60   306.93   309.34   310.21 
208009  297.70   297.72   300.75   303.86   304.61 
208010  289.66   289.79   292.35   294.68   294.87 
208011  279.62   280.32   283.42   285.90   285.99 
208012  272.83   273.15   276.91   279.72   280.29 
