yearmoth  min	  5th	   med	    95th     max
192001  254.42   254.51   257.75   262.66   262.91 
192002  254.59   256.71   261.89   267.23   268.89 
192003  261.23   261.83   266.35   270.57   271.72 
192004  268.81   268.84   272.50   274.13   274.70 
192005  276.59   276.90   278.22   279.80   280.10 
192006  281.03   281.52   282.78   284.04   284.06 
192007  284.62   285.11   286.56   288.05   288.19 
192008  284.40   284.95   286.74   287.63   287.86 
192009  280.26   280.59   282.11   282.89   283.50 
192010  273.44   273.46   275.97   277.61   277.63 
192011  261.66   264.90   268.39   272.11   272.76 
192012  256.69   258.08   261.66   266.38   267.42 
192101  249.39   252.96   259.06   268.68   269.67 
192102  255.24   258.30   262.62   268.69   269.54 
192103  260.52   261.00   267.19   271.10   271.27 
192104  267.21   268.18   271.57   274.56   276.05 
192105  276.02   276.12   278.01   280.17   280.24 
192106  280.84   281.08   282.61   283.97   284.41 
192107  284.72   285.13   286.57   287.63   287.81 
192108  284.51   285.05   286.47   287.71   288.08 
192109  280.05   280.13   281.93   283.19   283.38 
192110  272.58   273.00   275.06   277.43   277.59 
192111  264.93   265.27   268.39   270.27   271.87 
192112  254.85   255.54   260.87   264.44   264.49 
192201  251.71   253.39   259.01   264.76   269.51 
192202  254.06   256.53   262.40   267.29   267.32 
192203  261.75   262.48   266.74   269.81   271.70 
192204  267.60   269.26   271.65   274.80   274.92 
192205  275.11   276.47   278.12   279.25   279.97 
192206  280.24   280.85   282.94   284.00   284.02 
192207  285.00   285.01   286.75   287.51   288.52 
192208  284.47   284.77   286.48   287.39   287.88 
192209  279.64   280.00   281.96   283.36   283.49 
192210  272.02   272.25   274.99   277.53   277.84 
192211  262.98   264.47   268.32   272.33   272.86 
192212  249.68   254.78   260.85   264.86   265.64 
192301  248.98   252.63   258.65   265.62   265.98 
192302  252.87   255.36   261.51   265.71   267.59 
192303  260.19   261.10   265.94   269.39   271.45 
192304  266.93   267.68   271.71   274.14   274.63 
192305  275.40   276.00   277.78   279.27   279.31 
192306  280.44   280.99   282.41   284.28   284.76 
192307  284.78   284.98   286.54   287.74   287.82 
192308  284.95   285.18   286.59   287.65   287.86 
192309  279.71   279.75   281.59   282.76   282.82 
192310  273.18   273.32   275.62   277.38   277.94 
192311  258.31   262.34   268.29   271.83   272.25 
192312  253.82   254.73   260.87   265.00   266.17 
192401  250.78   253.62   259.86   265.45   267.40 
192402  255.69   258.24   262.35   266.41   266.56 
192403  260.44   260.69   264.98   269.20   271.03 
192404  266.82   267.89   271.11   274.89   275.06 
192405  275.39   275.80   278.09   279.69   279.94 
192406  279.97   281.33   282.79   284.46   284.53 
192407  283.96   284.42   286.66   287.79   287.80 
192408  284.85   285.08   286.31   287.56   287.69 
192409  279.15   280.21   281.56   283.38   283.72 
192410  271.80   272.48   275.22   277.83   278.21 
192411  263.84   263.92   268.74   271.16   271.78 
192412  253.65   254.03   261.62   264.59   265.43 
192501  252.96   253.01   259.89   263.93   265.22 
192502  256.80   257.03   262.63   268.29   268.67 
192503  261.90   262.10   267.36   271.51   271.72 
192504  266.26   266.90   271.85   274.78   275.36 
192505  275.08   275.45   277.50   279.98   280.02 
192506  281.21   281.21   282.47   283.93   284.56 
192507  285.38   285.52   286.59   287.87   287.90 
192508  284.05   284.67   286.69   287.90   287.93 
192509  279.70   279.94   281.58   282.99   283.04 
192510  273.14   273.59   275.49   277.62   278.54 
192511  263.43   265.12   268.56   270.98   271.18 
192512  251.02   254.27   260.64   265.05   265.75 
192601  253.15   253.18   258.97   264.30   265.21 
192602  253.47   255.49   262.06   267.52   267.92 
192603  262.84   262.90   266.62   268.86   268.93 
192604  268.52   268.84   271.61   273.77   274.17 
192605  276.19   276.30   277.86   279.87   279.91 
192606  281.21   281.57   282.79   283.88   283.96 
192607  284.71   285.28   286.74   288.03   288.18 
192608  284.02   284.86   286.16   287.56   288.54 
192609  280.17   280.25   281.78   283.61   283.68 
192610  271.72   272.77   275.67   278.28   279.59 
192611  262.60   264.33   268.85   271.50   271.58 
192612  253.38   255.34   260.89   264.78   266.63 
192701  254.27   254.33   260.26   264.95   264.98 
192702  256.30   257.33   262.14   267.56   268.25 
192703  261.36   262.75   265.65   269.77   270.40 
192704  266.45   268.62   271.44   274.56   274.64 
192705  274.06   275.51   277.93   279.20   279.60 
192706  280.70   280.72   282.39   283.92   284.69 
192707  284.38   284.79   286.45   287.95   288.06 
192708  284.81   285.19   286.41   287.85   287.86 
192709  279.59   280.03   281.77   283.52   283.66 
192710  272.44   273.21   275.49   277.30   277.78 
192711  263.49   264.50   268.22   271.21   271.97 
192712  253.67   254.02   260.51   265.81   266.11 
192801  251.70   252.24   258.53   263.58   263.89 
192802  255.92   257.06   262.84   267.88   269.23 
192803  262.68   262.82   267.40   269.98   271.59 
192804  267.43   268.93   272.23   274.11   274.70 
192805  276.07   276.35   277.89   279.57   279.81 
192806  280.88   281.08   282.38   284.33   285.33 
192807  283.37   284.88   286.81   287.79   288.26 
192808  284.73   285.01   286.53   287.60   288.84 
192809  279.93   280.03   281.43   283.15   283.31 
192810  272.78   273.40   275.00   277.44   277.84 
192811  263.22   263.65   267.93   270.61   272.67 
192812  254.43   254.50   260.49   264.26   264.83 
192901  251.29   253.02   259.03   263.99   264.04 
192902  254.97   256.92   262.23   266.35   266.60 
192903  259.66   260.50   266.45   270.10   270.20 
192904  266.98   267.76   271.50   273.87   273.90 
192905  274.79   275.96   277.80   279.33   279.62 
192906  280.24   280.94   282.62   284.26   284.76 
192907  284.28   285.08   286.50   288.03   288.05 
192908  284.62   284.79   286.28   287.64   287.80 
192909  279.66   280.18   281.77   283.10   283.12 
192910  272.23   272.66   275.18   277.02   277.48 
192911  264.67   264.78   267.83   271.48   271.50 
192912  254.83   256.36   260.37   267.23   267.88 
193001  249.33   253.78   260.14   265.02   265.48 
193002  255.80   258.00   263.06   267.21   267.98 
193003  261.16   261.60   265.98   270.34   271.42 
193004  267.87   268.39   271.07   273.94   274.02 
193005  274.43   275.42   277.47   280.86   280.86 
193006  280.79   280.87   282.21   284.19   284.70 
193007  283.81   284.02   286.07   288.30   288.59 
193008  284.82   285.02   286.26   287.06   287.50 
193009  279.75   279.91   281.53   283.10   283.42 
193010  272.78   273.31   275.57   276.97   277.08 
193011  262.71   263.62   268.07   271.79   272.55 
193012  255.86   256.09   259.88   266.56   266.60 
193101  250.77   252.05   258.41   263.18   268.36 
193102  255.15   256.92   262.26   265.58   267.94 
193103  260.46   262.11   265.50   270.02   271.67 
193104  267.26   267.49   271.81   274.61   275.06 
193105  274.45   275.59   277.57   280.41   280.51 
193106  280.94   281.03   282.32   283.88   284.36 
193107  284.46   284.85   286.21   288.32   288.99 
193108  284.70   285.01   286.23   287.38   287.49 
193109  279.40   279.61   281.75   283.14   283.40 
193110  272.69   273.03   275.32   277.54   277.63 
193111  263.88   264.82   267.91   270.23   270.56 
193112  255.09   256.78   260.93   265.15   265.78 
193201  250.97   253.01   258.83   264.02   264.49 
193202  253.53   255.30   261.88   265.30   266.44 
193203  261.25   262.16   266.40   270.65   271.14 
193204  268.80   269.00   272.24   274.44   274.63 
193205  276.14   276.22   277.82   280.30   280.50 
193206  281.08   281.30   282.61   283.97   284.26 
193207  285.20   285.23   286.52   288.44   288.90 
193208  284.54   284.67   286.41   287.79   287.89 
193209  280.22   280.42   282.09   283.37   283.65 
193210  271.68   272.42   275.68   277.12   278.18 
193211  263.57   264.53   268.85   272.16   272.36 
193212  253.20   255.07   260.87   265.81   266.32 
193301  252.23   252.70   259.77   265.48   269.19 
193302  252.82   256.61   262.20   267.49   269.33 
193303  260.99   262.52   265.85   269.20   270.98 
193304  266.37   267.57   271.44   274.09   274.32 
193305  275.75   275.78   278.16   279.75   279.86 
193306  280.56   280.71   282.64   284.20   285.44 
193307  283.83   284.34   286.62   288.10   288.33 
193308  284.78   285.21   286.32   287.52   288.67 
193309  280.08   280.19   281.59   283.42   283.80 
193310  273.63   273.69   275.25   277.04   277.76 
193311  265.24   265.40   267.66   270.33   270.49 
193312  253.08   254.44   260.37   265.14   265.65 
193401  251.98   253.37   259.04   264.90   266.04 
193402  254.96   255.72   261.34   267.20   267.82 
193403  261.27   261.85   266.88   269.73   270.28 
193404  266.50   268.61   272.26   274.53   275.43 
193405  276.52   276.58   277.85   280.41   281.04 
193406  280.49   280.97   282.62   284.46   284.62 
193407  284.32   284.61   286.43   287.97   288.02 
193408  284.28   284.59   286.37   287.92   288.09 
193409  280.14   280.15   281.91   283.20   283.61 
193410  273.32   273.39   275.51   277.02   277.29 
193411  262.84   264.31   268.26   272.15   272.39 
193412  253.19   254.06   261.96   265.23   265.60 
193501  252.23   252.99   258.73   262.60   262.92 
193502  253.54   253.63   262.52   267.37   267.72 
193503  260.28   261.71   265.43   269.61   269.80 
193504  267.70   268.76   272.13   274.15   274.15 
193505  275.63   276.34   277.89   279.34   279.46 
193506  281.34   281.39   282.70   284.25   284.96 
193507  284.61   284.72   286.74   288.41   289.00 
193508  284.98   285.26   286.63   287.34   287.58 
193509  280.28   280.28   281.97   282.84   283.66 
193510  272.18   273.53   275.70   277.36   277.43 
193511  265.02   265.14   268.74   271.25   272.04 
193512  254.93   254.95   261.37   265.85   265.90 
193601  254.61   254.98   259.19   266.18   267.59 
193602  250.23   256.87   262.55   267.53   268.46 
193603  262.09   263.31   266.31   269.66   271.22 
193604  266.57   267.46   271.72   274.21   274.63 
193605  275.53   276.27   277.64   279.60   279.76 
193606  280.62   280.90   282.63   284.18   284.69 
193607  284.86   284.91   286.68   288.65   288.69 
193608  284.99   285.26   286.55   287.84   287.91 
193609  280.14   280.17   281.85   283.03   283.66 
193610  272.72   272.87   275.60   277.45   277.47 
193611  262.95   263.81   267.85   271.45   273.30 
193612  253.64   254.09   259.79   264.74   265.95 
193701  253.45   255.97   259.16   264.59   265.32 
193702  251.66   254.62   261.75   266.68   268.19 
193703  260.48   261.10   266.58   270.33   270.58 
193704  266.83   267.07   271.43   273.63   273.83 
193705  276.54   276.60   277.82   279.97   280.00 
193706  280.89   281.04   282.19   284.89   285.41 
193707  284.95   285.05   286.85   287.98   288.46 
193708  284.68   285.10   286.55   287.50   288.24 
193709  280.10   280.55   281.82   282.89   282.89 
193710  273.22   273.95   275.57   277.07   278.63 
193711  263.73   263.84   269.22   271.99   272.84 
193712  254.45   256.62   261.86   265.45   266.93 
193801  248.87   249.85   257.43   264.09   266.21 
193802  255.50   255.56   261.64   265.80   266.53 
193803  263.37   263.47   265.47   269.03   269.80 
193804  268.49   268.64   271.44   274.17   275.82 
193805  275.40   275.85   277.68   279.78   279.93 
193806  280.68   280.97   282.31   284.02   284.51 
193807  284.30   284.39   286.76   288.02   288.67 
193808  285.25   285.38   286.46   288.11   288.70 
193809  280.07   280.25   281.93   283.44   283.97 
193810  273.09   273.23   275.86   277.89   277.98 
193811  265.20   265.57   267.97   270.57   270.57 
193812  255.09   256.75   260.21   264.53   266.43 
193901  251.07   251.24   258.11   265.78   267.39 
193902  255.24   257.43   261.92   265.66   266.28 
193903  260.95   261.33   266.57   271.21   271.43 
193904  269.41   269.93   271.76   274.23   274.34 
193905  276.16   276.34   277.91   279.48   280.12 
193906  279.80   280.89   282.40   284.07   284.07 
193907  284.61   284.69   286.68   287.94   288.24 
193908  284.86   284.98   286.37   287.49   288.08 
193909  279.48   279.63   281.77   282.97   283.34 
193910  272.27   272.37   275.42   277.70   278.51 
193911  265.75   266.13   268.61   270.90   270.91 
193912  256.25   256.35   261.05   266.72   267.13 
194001  252.23   253.12   258.65   265.51   265.81 
194002  254.45   254.62   263.00   267.81   270.08 
194003  261.12   261.96   266.67   270.62   270.98 
194004  268.60   268.70   271.27   273.44   273.46 
194005  276.21   276.31   277.86   279.26   279.31 
194006  279.68   280.20   282.38   284.78   285.35 
194007  284.97   285.13   286.68   288.52   288.58 
194008  285.34   285.36   286.49   287.45   287.76 
194009  279.80   280.46   281.87   283.48   283.80 
194010  271.84   273.43   275.38   277.74   277.92 
194011  264.97   265.12   268.17   271.40   271.65 
194012  251.90   251.99   260.19   265.01   265.25 
194101  249.12   252.57   258.96   263.26   264.85 
194102  256.07   256.22   262.12   266.06   267.22 
194103  261.71   262.53   266.80   269.07   269.42 
194104  268.23   268.76   271.78   274.84   275.71 
194105  275.30   275.77   277.68   279.66   279.67 
194106  280.56   280.76   282.60   284.50   284.88 
194107  284.10   284.49   286.66   288.21   288.26 
194108  285.00   285.09   286.57   287.58   288.24 
194109  280.50   280.82   281.97   283.56   284.08 
194110  272.96   273.21   275.33   277.89   278.07 
194111  263.50   264.06   267.68   271.34   272.73 
194112  253.90   256.83   260.34   265.90   266.60 
194201  250.66   252.51   257.59   263.98   265.17 
194202  253.53   255.27   261.54   266.80   267.45 
194203  261.46   263.10   267.04   269.97   271.70 
194204  268.26   268.34   271.94   274.46   275.01 
194205  275.69   276.51   277.90   279.61   279.99 
194206  281.24   281.35   282.79   284.65   284.76 
194207  285.65   285.71   286.82   288.02   288.13 
194208  284.58   285.06   286.53   287.64   287.65 
194209  279.69   279.78   281.99   283.26   284.25 
194210  273.28   273.54   275.29   277.50   277.65 
194211  263.87   264.30   268.70   270.83   271.40 
194212  253.67   254.27   260.88   265.23   266.37 
194301  254.44   255.16   258.59   264.81   266.37 
194302  255.65   256.79   262.36   267.34   268.50 
194303  259.75   261.26   266.46   269.43   269.52 
194304  267.28   267.97   271.47   273.75   273.77 
194305  276.36   276.46   278.08   279.78   280.89 
194306  281.15   281.19   282.70   284.23   284.38 
194307  284.38   284.62   286.42   288.10   288.42 
194308  284.40   284.69   286.51   287.47   288.16 
194309  280.30   280.39   282.01   283.47   284.57 
194310  272.53   273.30   275.12   277.82   278.49 
194311  264.96   265.13   268.41   270.17   270.35 
194312  254.19   254.37   259.93   265.38   267.58 
194401  250.60   253.67   258.79   266.04   266.49 
194402  256.26   256.30   262.62   266.92   268.18 
194403  262.53   262.60   266.86   270.55   271.00 
194404  267.08   268.45   272.23   274.51   274.71 
194405  274.68   275.37   277.29   279.59   279.69 
194406  280.64   280.81   282.53   284.89   285.47 
194407  283.95   284.63   286.71   287.94   288.47 
194408  284.82   285.01   286.59   288.09   288.29 
194409  280.51   280.53   281.95   283.49   284.94 
194410  273.71   273.82   275.81   277.54   277.56 
194411  262.13   263.00   267.69   271.41   271.53 
194412  253.39   254.22   260.18   264.68   265.83 
194501  250.07   251.95   258.33   263.70   265.91 
194502  253.34   253.74   262.54   267.54   268.09 
194503  257.38   261.03   265.97   270.76   271.34 
194504  268.09   268.84   271.97   274.60   274.85 
194505  274.18   275.77   278.20   279.83   279.87 
194506  281.26   281.43   282.30   283.90   284.15 
194507  283.61   284.23   286.64   288.37   289.06 
194508  284.87   285.32   286.81   287.82   287.84 
194509  279.55   279.98   281.76   283.00   283.73 
194510  272.87   272.95   275.17   277.77   277.87 
194511  262.48   262.97   268.05   270.71   270.73 
194512  254.64   254.75   260.55   266.00   266.24 
194601  249.71   252.10   259.65   263.72   263.84 
194602  254.77   255.55   262.98   268.04   268.80 
194603  260.80   262.59   266.44   270.11   271.49 
194604  268.24   268.62   271.97   274.60   274.85 
194605  276.42   276.57   277.72   279.88   280.16 
194606  280.69   280.75   282.93   284.34   284.67 
194607  285.05   285.18   286.76   288.31   289.12 
194608  284.67   284.70   286.66   287.79   287.90 
194609  280.11   280.14   281.73   283.28   283.67 
194610  273.08   273.64   275.43   277.60   277.94 
194611  264.54   264.85   268.64   271.42   271.97 
194612  252.18   253.19   261.09   265.08   266.49 
194701  249.94   253.12   258.49   267.37   267.52 
194702  255.25   256.54   261.86   266.89   267.35 
194703  259.93   262.19   266.54   270.29   271.37 
194704  267.57   267.80   271.94   274.28   274.77 
194705  275.59   276.23   278.07   279.68   280.02 
194706  280.87   280.97   282.81   283.81   284.14 
194707  284.33   285.33   286.79   288.44   288.83 
194708  285.14   285.58   286.61   287.74   288.39 
194709  280.08   280.20   281.93   283.93   284.38 
194710  272.68   272.85   275.22   277.09   277.68 
194711  264.54   265.43   268.30   271.82   271.92 
194712  254.84   255.88   260.66   267.71   267.72 
194801  251.52   251.90   259.58   264.35   264.70 
194802  257.06   257.14   261.83   268.71   269.77 
194803  259.83   263.17   266.78   270.37   271.87 
194804  264.59   268.36   272.11   274.62   275.07 
194805  275.53   275.84   278.16   280.78   280.94 
194806  280.89   281.12   282.79   284.87   285.26 
194807  284.65   284.96   286.70   288.19   288.59 
194808  283.85   284.40   286.69   287.72   287.91 
194809  280.38   280.51   281.64   283.70   283.71 
194810  273.15   273.67   275.14   277.84   277.96 
194811  264.33   265.44   268.71   271.79   271.86 
194812  254.45   255.69   260.99   266.40   266.82 
194901  251.93   252.65   259.62   264.90   265.84 
194902  255.14   255.25   261.74   268.15   270.29 
194903  261.31   261.40   266.04   271.36   272.03 
194904  267.03   268.29   272.08   274.87   274.93 
194905  275.55   275.83   277.90   280.13   280.57 
194906  280.53   280.55   282.48   284.35   284.60 
194907  284.92   284.93   286.56   288.20   288.58 
194908  285.17   285.35   286.62   287.95   287.99 
194909  280.45   280.92   282.09   283.59   283.73 
194910  272.67   272.89   275.15   277.77   278.24 
194911  262.68   264.52   268.89   271.12   271.89 
194912  256.84   257.04   261.65   267.08   267.63 
195001  248.72   254.03   260.68   263.95   266.21 
195002  255.78   257.43   262.67   267.36   268.03 
195003  259.81   260.80   266.65   270.81   272.61 
195004  267.07   267.52   271.57   274.65   274.67 
195005  275.59   275.74   277.63   280.16   280.62 
195006  280.75   281.26   282.97   284.37   285.07 
195007  284.74   285.12   286.71   288.65   288.84 
195008  284.82   285.21   286.52   288.03   288.15 
195009  279.95   280.31   282.06   283.84   283.90 
195010  270.98   272.84   275.83   277.51   278.05 
195011  263.47   263.58   268.61   271.13   271.39 
195012  256.83   256.87   261.11   265.04   268.07 
195101  253.30   253.49   258.89   264.04   264.57 
195102  256.87   256.88   263.55   265.75   266.92 
195103  261.85   261.97   266.86   270.34   271.59 
195104  268.02   268.45   271.78   275.12   275.98 
195105  275.36   275.56   277.80   280.07   280.12 
195106  280.16   280.26   282.57   284.34   285.33 
195107  284.71   284.84   286.90   288.56   288.58 
195108  285.18   285.57   286.55   288.05   288.21 
195109  280.50   280.93   281.95   283.49   283.51 
195110  272.83   273.29   275.62   277.37   277.87 
195111  263.69   263.98   267.85   272.02   272.20 
195112  256.03   257.08   260.81   266.75   268.29 
195201  253.04   253.55   258.67   263.20   265.14 
195202  252.89   253.28   261.48   265.33   266.76 
195203  256.80   259.96   266.08   269.75   269.81 
195204  267.04   267.49   271.28   274.74   274.90 
195205  275.75   275.82   277.93   279.40   279.45 
195206  280.68   281.03   282.37   284.45   284.49 
195207  284.15   284.44   286.71   288.08   288.18 
195208  284.33   285.08   286.41   287.75   287.76 
195209  279.63   280.29   281.84   283.27   283.64 
195210  272.06   272.51   275.33   277.61   277.92 
195211  264.00   264.06   267.66   271.56   271.68 
195212  254.27   254.49   260.97   265.95   265.96 
195301  249.35   253.80   259.28   264.36   265.69 
195302  256.09   256.86   261.53   267.52   267.91 
195303  261.02   262.10   266.75   269.53   269.85 
195304  266.29   267.71   271.38   274.08   274.43 
195305  275.08   275.74   277.99   279.86   280.16 
195306  281.13   281.59   282.71   284.47   285.14 
195307  285.01   285.38   286.67   288.13   288.23 
195308  284.66   284.68   286.83   288.42   288.72 
195309  278.69   279.68   281.87   283.58   283.75 
195310  272.75   273.71   275.20   277.36   277.74 
195311  262.12   263.53   267.31   271.91   271.98 
195312  252.71   253.59   260.81   265.60   266.32 
195401  253.70   254.44   260.60   266.30   266.84 
195402  253.03   255.89   263.59   267.71   267.93 
195403  262.10   263.26   267.72   271.60   272.90 
195404  268.15   268.61   271.79   274.23   274.48 
195405  275.45   275.52   277.65   279.75   279.93 
195406  280.92   281.27   282.52   283.79   283.92 
195407  284.47   284.85   286.46   287.79   288.26 
195408  284.63   284.83   286.43   287.37   287.38 
195409  280.09   280.13   281.53   283.00   284.01 
195410  273.13   273.37   275.53   277.89   278.14 
195411  264.65   264.67   267.45   271.90   272.15 
195412  253.93   254.09   259.54   265.55   267.44 
195501  250.98   254.36   258.97   264.14   267.12 
195502  254.68   257.25   261.73   266.36   266.43 
195503  260.08   261.11   266.54   269.20   269.85 
195504  267.33   267.63   271.88   274.14   275.73 
195505  275.25   275.32   277.32   280.64   280.72 
195506  279.60   280.74   282.51   284.44   285.19 
195507  284.46   284.66   286.42   288.06   288.86 
195508  283.94   284.44   286.63   287.60   287.75 
195509  279.96   280.22   281.93   283.29   283.44 
195510  273.00   273.23   274.86   277.20   278.05 
195511  264.44   265.11   268.26   271.24   272.55 
195512  253.21   255.94   261.85   265.85   267.01 
195601  252.83   255.50   260.03   263.50   265.33 
195602  253.54   255.79   260.94   267.07   268.29 
195603  261.43   261.55   266.27   269.42   269.86 
195604  266.49   268.65   271.29   273.23   275.19 
195605  274.79   275.35   277.91   279.82   279.97 
195606  280.94   280.96   282.23   284.18   284.65 
195607  284.23   284.42   286.41   288.39   289.35 
195608  284.85   284.92   286.27   287.98   288.10 
195609  279.39   279.74   281.76   283.06   283.09 
195610  273.49   273.89   275.41   277.79   278.33 
195611  261.59   265.26   268.04   270.89   271.41 
195612  253.81   256.04   260.34   264.52   266.18 
195701  251.49   253.00   260.38   265.41   265.58 
195702  254.53   255.29   261.97   267.51   268.64 
195703  259.53   259.81   266.21   269.34   270.83 
195704  269.46   269.64   272.07   274.11   274.18 
195705  276.11   276.33   278.17   279.73   280.72 
195706  279.84   280.80   282.71   284.18   284.43 
195707  284.86   285.25   286.43   287.71   287.86 
195708  284.60   285.05   286.51   288.12   288.18 
195709  280.04   280.79   281.70   283.07   283.64 
195710  272.07   273.98   275.51   277.08   277.29 
195711  263.88   264.08   268.61   271.04   271.16 
195712  253.71   254.50   261.34   263.87   266.73 
195801  252.49   253.44   258.44   266.00   266.59 
195802  255.74   256.07   261.62   268.17   269.83 
195803  258.96   262.21   265.51   270.28   271.36 
195804  268.06   268.31   271.31   274.68   275.27 
195805  274.62   274.64   277.86   279.22   280.15 
195806  280.68   280.99   282.32   284.41   284.54 
195807  284.61   285.00   286.77   288.01   288.64 
195808  284.29   284.75   286.42   287.52   287.91 
195809  280.07   280.85   281.72   283.37   283.63 
195810  273.05   273.15   275.68   276.79   278.09 
195811  262.51   263.11   267.52   270.66   271.44 
195812  251.95   254.26   261.32   264.96   265.66 
195901  252.59   253.32   259.13   265.07   265.80 
195902  255.03   255.26   261.38   266.99   267.71 
195903  259.31   261.16   266.11   270.24   270.39 
195904  266.43   267.32   271.03   273.67   273.71 
195905  275.58   276.49   277.92   279.45   280.00 
195906  280.70   280.74   282.85   284.18   284.57 
195907  284.43   284.45   286.80   288.01   288.24 
195908  284.79   284.96   286.52   288.29   288.41 
195909  280.27   280.42   281.79   283.33   283.42 
195910  273.22   273.61   275.62   277.56   277.66 
195911  260.73   261.24   268.25   270.91   271.31 
195912  255.68   256.09   260.87   264.21   267.02 
196001  249.90   251.07   259.25   263.58   264.11 
196002  255.39   257.28   262.17   267.84   268.12 
196003  259.92   261.91   266.82   269.71   270.04 
196004  268.28   268.55   272.08   275.47   276.21 
196005  275.81   275.96   277.49   279.48   279.50 
196006  280.36   280.51   282.68   284.14   284.26 
196007  283.82   284.59   286.68   288.36   288.40 
196008  284.65   284.73   286.31   287.56   287.72 
196009  279.15   280.40   281.63   282.92   283.54 
196010  273.28   273.32   275.68   277.03   277.24 
196011  264.66   265.68   268.41   270.52   271.04 
196012  251.14   256.00   260.99   264.37   265.02 
196101  249.48   250.72   259.10   263.67   264.63 
196102  255.18   256.43   262.44   265.98   267.36 
196103  260.72   262.59   265.77   270.25   271.70 
196104  268.10   268.40   271.63   274.51   274.67 
196105  275.54   275.63   278.01   280.34   280.38 
196106  280.73   280.95   282.71   284.70   285.11 
196107  284.91   285.23   286.79   288.06   288.77 
196108  285.27   285.37   286.41   287.57   288.02 
196109  280.27   280.31   281.86   282.62   283.13 
196110  272.60   273.30   275.24   277.96   278.38 
196111  262.32   264.46   269.02   270.81   272.41 
196112  253.39   255.71   261.34   264.88   265.27 
196201  251.60   251.78   258.78   263.76   265.78 
196202  251.26   257.07   262.51   267.88   269.02 
196203  261.53   261.94   266.72   270.85   271.29 
196204  266.11   267.83   272.12   273.99   274.74 
196205  275.71   276.07   277.83   279.67   280.54 
196206  281.01   281.03   282.76   284.35   284.72 
196207  283.52   284.92   286.44   288.33   288.71 
196208  285.14   285.23   286.52   288.17   288.26 
196209  280.22   280.63   282.02   283.71   284.05 
196210  273.27   273.43   275.50   277.99   278.38 
196211  263.25   265.33   268.90   271.48   271.62 
196212  254.43   255.96   260.81   265.43   265.48 
196301  252.80   254.17   258.93   264.89   265.41 
196302  253.38   256.25   261.94   266.06   266.49 
196303  261.51   264.27   266.70   269.25   269.87 
196304  266.80   268.35   271.39   274.75   275.04 
196305  275.14   275.98   277.96   279.84   280.26 
196306  280.43   280.45   282.68   284.22   284.24 
196307  284.01   284.80   286.38   287.71   288.13 
196308  285.02   285.08   286.11   287.40   287.64 
196309  279.83   279.84   281.34   282.54   282.80 
196310  272.96   273.08   275.10   276.52   276.82 
196311  260.98   261.18   267.97   271.20   271.39 
196312  250.85   253.44   259.47   263.89   264.46 
196401  251.38   252.16   258.66   264.36   264.48 
196402  254.62   254.79   261.33   265.73   268.00 
196403  260.58   262.13   265.46   270.03   270.22 
196404  266.39   267.05   271.02   273.55   273.86 
196405  274.46   275.50   277.35   278.95   278.96 
196406  280.38   280.49   282.07   283.96   284.12 
196407  284.24   284.29   285.92   287.11   287.45 
196408  283.64   284.07   285.84   286.92   287.15 
196409  279.48   279.88   281.43   283.43   283.57 
196410  272.66   272.66   275.08   277.28   277.73 
196411  264.02   264.84   268.11   271.33   272.08 
196412  255.10   255.37   260.43   264.26   264.33 
196501  252.45   253.01   258.39   263.36   264.68 
196502  256.49   256.91   262.64   267.07   267.45 
196503  261.08   261.44   265.22   269.98   270.24 
196504  267.92   268.04   270.76   273.14   274.50 
196505  274.87   275.04   277.69   279.16   279.91 
196506  279.76   280.37   282.08   283.06   283.13 
196507  283.79   284.26   286.13   287.30   287.50 
196508  284.44   284.58   286.18   287.39   287.39 
196509  279.66   279.70   281.32   282.60   282.72 
196510  272.62   272.66   274.54   277.44   277.83 
196511  262.31   264.31   268.04   271.22   271.31 
196512  254.85   255.34   260.57   264.36   264.83 
196601  249.79   251.26   257.48   263.46   263.56 
196602  252.81   253.14   260.90   266.07   268.33 
196603  259.68   260.95   265.97   268.52   270.37 
196604  266.89   267.83   270.60   273.90   274.41 
196605  275.30   275.35   277.49   279.06   279.12 
196606  280.36   280.36   282.45   284.27   284.99 
196607  284.18   284.66   286.55   287.91   289.07 
196608  283.86   284.00   286.28   287.37   287.65 
196609  280.13   280.22   281.17   282.98   283.05 
196610  272.14   272.94   275.53   276.99   277.82 
196611  263.56   264.62   268.75   270.54   271.33 
196612  255.52   256.48   260.57   268.74   269.51 
196701  250.81   253.84   260.79   265.58   268.07 
196702  252.46   257.14   261.91   267.43   269.11 
196703  258.75   261.44   266.44   271.06   271.06 
196704  267.72   268.93   271.45   274.10   274.51 
196705  275.29   275.43   277.42   279.50   279.81 
196706  280.57   280.62   282.32   284.45   285.03 
196707  283.55   284.31   286.30   287.56   287.93 
196708  284.99   285.08   286.21   287.34   287.47 
196709  280.06   280.09   281.70   282.94   283.43 
196710  272.04   272.28   275.26   276.90   277.61 
196711  264.56   265.13   268.27   271.91   271.98 
196712  256.16   256.48   260.30   264.92   268.01 
196801  250.79   254.14   259.41   264.25   267.10 
196802  255.57   255.62   262.10   268.72   268.77 
196803  260.09   264.06   266.93   270.32   272.64 
196804  266.40   269.45   272.00   274.16   275.10 
196805  273.99   275.57   278.04   279.86   280.16 
196806  280.76   281.05   282.57   284.50   284.62 
196807  284.49   284.93   286.48   288.11   288.41 
196808  284.85   285.08   286.34   287.89   288.09 
196809  279.91   279.94   281.76   283.59   283.91 
196810  273.00   273.19   275.31   278.04   278.26 
196811  263.93   264.87   268.37   271.12   271.62 
196812  253.27   255.42   260.09   264.97   268.70 
196901  251.36   254.23   259.49   263.77   265.77 
196902  255.05   255.30   261.62   267.35   267.35 
196903  260.22   261.52   265.84   269.75   270.53 
196904  266.77   267.53   271.04   274.05   274.26 
196905  275.33   275.36   277.31   279.61   279.72 
196906  280.26   280.78   282.27   283.48   283.57 
196907  284.03   284.04   286.09   287.51   287.86 
196908  284.58   284.83   286.17   287.53   288.04 
196909  279.89   280.13   281.50   282.95   283.23 
196910  272.65   272.86   275.83   277.58   278.32 
196911  263.78   264.83   268.10   270.95   271.11 
196912  252.62   253.14   260.29   263.69   265.77 
197001  252.48   253.58   259.29   263.93   264.66 
197002  257.64   257.68   261.71   266.43   267.61 
197003  259.78   260.78   266.02   269.64   270.28 
197004  266.17   267.16   271.17   274.74   275.03 
197005  274.43   275.22   277.54   279.16   279.47 
197006  279.75   280.52   282.42   284.36   284.63 
197007  283.73   284.01   286.03   287.65   287.75 
197008  283.80   284.75   286.04   287.40   287.66 
197009  280.09   280.21   281.56   283.40   283.62 
197010  272.81   273.21   275.09   277.48   277.91 
197011  264.19   264.69   268.32   270.28   270.31 
197012  254.90   255.43   260.62   265.99   267.12 
197101  252.14   252.91   258.41   262.73   265.20 
197102  253.99   256.03   262.42   266.51   267.42 
197103  259.47   262.38   266.12   270.34   270.37 
197104  266.16   268.08   271.14   274.50   274.65 
197105  275.80   275.92   277.67   279.37   280.10 
197106  281.29   281.35   282.60   284.58   285.08 
197107  284.47   285.15   286.38   288.09   288.46 
197108  284.84   284.88   286.21   287.80   287.99 
197109  279.94   280.45   281.84   283.48   283.50 
197110  272.84   273.00   275.24   277.71   278.40 
197111  262.00   264.73   268.36   271.36   272.29 
197112  252.27   254.76   259.98   266.23   267.59 
197201  250.88   254.39   258.53   263.24   265.59 
197202  251.64   256.88   262.05   266.13   268.25 
197203  261.23   261.78   265.59   269.47   270.13 
197204  266.20   266.32   271.34   272.83   273.96 
197205  274.39   275.04   277.66   279.52   279.77 
197206  280.34   280.48   282.31   284.12   284.13 
197207  284.52   284.61   286.62   287.70   287.99 
197208  284.04   284.12   286.23   287.33   287.57 
197209  280.04   280.29   281.85   283.09   283.13 
197210  272.49   273.60   274.81   277.17   277.29 
197211  264.22   264.73   267.80   271.54   272.42 
197212  252.94   255.44   260.94   265.46   265.97 
197301  252.81   254.35   259.15   264.19   264.34 
197302  255.75   257.33   262.98   266.56   267.36 
197303  261.61   261.67   266.28   269.38   269.53 
197304  267.44   267.62   271.34   273.68   274.23 
197305  275.09   275.10   277.66   279.38   279.73 
197306  281.09   281.12   282.82   284.41   284.91 
197307  284.70   284.85   286.70   288.20   288.29 
197308  285.12   285.24   286.53   287.60   287.64 
197309  280.12   280.37   281.95   283.65   284.05 
197310  272.82   273.52   275.70   277.12   277.26 
197311  263.27   264.37   268.65   271.32   272.44 
197312  254.51   255.24   261.12   266.52   268.36 
197401  252.03   253.15   259.05   264.51   265.36 
197402  254.22   258.53   263.42   266.15   267.60 
197403  261.52   261.99   267.11   270.02   270.09 
197404  267.70   268.10   271.59   273.61   273.98 
197405  275.12   275.99   277.79   279.58   279.82 
197406  280.75   280.82   282.57   284.28   284.37 
197407  282.73   284.53   286.67   288.27   288.36 
197408  285.16   285.36   286.13   287.51   288.03 
197409  279.81   280.09   281.38   282.63   283.46 
197410  272.68   272.80   275.26   277.07   277.85 
197411  265.53   265.63   268.63   271.92   272.37 
197412  254.92   255.74   260.38   264.01   264.92 
197501  252.59   253.91   258.67   264.14   264.43 
197502  256.46   257.08   262.04   267.29   268.68 
197503  260.60   261.58   266.39   269.34   269.59 
197504  269.00   269.11   271.86   274.57   275.03 
197505  275.71   275.80   277.69   279.80   280.48 
197506  280.35   280.94   282.57   284.20   284.57 
197507  284.58   284.82   286.39   287.57   287.58 
197508  284.98   285.04   286.38   287.21   287.57 
197509  278.83   279.48   281.26   282.27   282.43 
197510  272.22   272.48   275.14   277.63   277.63 
197511  264.19   264.19   268.53   271.64   271.95 
197512  254.09   256.40   261.22   265.70   268.18 
197601  251.42   253.48   258.87   263.02   265.09 
197602  256.65   256.85   262.18   267.41   268.64 
197603  259.76   262.73   266.57   269.84   270.23 
197604  267.82   267.89   271.74   274.57   275.07 
197605  275.25   275.68   277.73   279.99   280.55 
197606  279.56   280.10   282.18   284.18   284.88 
197607  284.09   284.27   286.40   288.67   288.90 
197608  284.67   285.17   286.29   287.16   288.35 
197609  279.95   280.35   281.62   283.09   283.11 
197610  270.55   273.16   275.58   277.53   277.65 
197611  264.97   265.58   268.03   270.44   271.50 
197612  256.53   256.55   261.09   266.11   266.89 
197701  252.16   253.05   259.95   264.57   264.79 
197702  255.04   255.56   262.41   266.76   267.98 
197703  259.90   261.36   265.98   270.12   270.73 
197704  265.80   266.69   271.42   274.19   274.73 
197705  275.19   275.55   277.67   279.73   279.83 
197706  278.94   280.66   281.99   284.02   284.65 
197707  283.50   284.33   286.31   287.99   288.04 
197708  284.36   284.44   286.47   287.99   288.59 
197709  280.16   280.53   281.81   282.78   283.02 
197710  272.86   273.73   275.74   276.97   277.20 
197711  264.98   265.02   268.34   270.76   272.55 
197712  255.74   255.86   261.89   265.74   266.22 
197801  252.37   253.15   259.42   264.92   265.32 
197802  254.40   255.81   263.14   267.42   269.27 
197803  260.94   262.36   266.90   270.37   271.33 
197804  268.73   268.75   272.12   274.93   275.89 
197805  275.99   276.11   278.04   279.41   279.71 
197806  279.50   280.89   282.69   284.06   284.57 
197807  284.33   285.50   286.96   288.49   288.89 
197808  284.18   285.00   286.23   287.36   287.89 
197809  280.20   280.29   281.73   283.32   283.37 
197810  273.09   273.37   275.43   277.34   277.51 
197811  262.98   264.83   268.75   271.70   272.38 
197812  256.28   256.71   261.34   266.94   267.30 
197901  253.05   254.43   260.46   265.65   265.88 
197902  256.15   257.49   263.15   267.88   268.09 
197903  259.49   261.05   266.83   270.32   271.28 
197904  268.53   269.03   271.64   274.60   275.98 
197905  275.51   276.13   277.93   279.74   280.13 
197906  280.66   280.75   282.65   284.33   284.73 
197907  285.09   285.48   286.91   288.62   288.94 
197908  284.18   285.11   286.53   287.89   288.19 
197909  279.72   279.99   282.06   283.68   284.60 
197910  273.63   273.64   275.48   277.80   278.06 
197911  264.10   264.21   268.12   271.20   271.84 
197912  255.52   255.63   261.44   264.97   267.51 
198001  253.92   254.27   259.95   266.98   267.32 
198002  255.09   255.64   263.81   267.41   267.45 
198003  261.14   261.35   267.18   271.39   271.41 
198004  268.72   269.07   272.05   273.44   274.03 
198005  275.36   275.45   277.83   279.67   280.34 
198006  280.58   280.89   282.54   284.57   284.76 
198007  285.03   285.10   286.66   288.48   288.51 
198008  284.74   285.23   286.61   287.43   287.61 
198009  280.10   280.74   281.84   283.41   283.52 
198010  272.67   273.07   275.70   277.65   277.82 
198011  263.71   264.39   268.12   271.70   272.46 
198012  255.38   256.54   261.21   264.70   264.88 
198101  254.16   254.32   259.01   264.66   264.90 
198102  255.18   256.09   263.00   267.59   268.29 
198103  260.10   262.98   266.88   270.66   272.33 
198104  267.93   269.83   272.36   275.75   275.79 
198105  275.97   276.22   278.18   280.02   280.51 
198106  280.95   281.42   282.80   284.32   284.77 
198107  284.73   285.12   286.90   288.27   288.51 
198108  285.90   285.96   286.60   287.89   288.33 
198109  279.84   280.26   281.86   283.00   283.02 
198110  273.71   273.76   276.08   277.50   278.00 
198111  264.64   264.80   269.10   271.71   273.27 
198112  252.13   256.65   261.42   265.10   265.14 
198201  253.17   253.29   259.21   264.63   267.05 
198202  254.77   255.42   262.76   267.75   269.65 
198203  262.52   262.78   266.86   270.22   270.55 
198204  267.59   269.61   271.73   274.11   276.20 
198205  275.77   276.52   278.21   279.73   279.99 
198206  280.89   281.50   282.68   284.47   284.82 
198207  284.44   284.57   286.44   287.93   288.46 
198208  284.63   284.97   286.42   287.87   288.13 
198209  279.81   280.10   281.52   283.26   283.64 
198210  272.39   272.81   275.59   277.79   278.01 
198211  262.68   263.93   268.09   270.92   271.38 
198212  256.09   256.19   260.06   265.01   265.96 
198301  252.51   252.65   258.84   264.89   266.36 
198302  254.84   256.04   263.96   268.52   269.20 
198303  261.11   261.80   266.22   270.59   271.44 
198304  266.32   268.21   271.19   273.50   274.06 
198305  274.20   275.22   277.30   279.10   279.20 
198306  279.58   280.59   282.38   284.19   285.50 
198307  284.34   284.44   286.29   287.62   287.65 
198308  283.91   284.95   285.91   287.10   287.19 
198309  279.78   280.00   281.39   283.04   283.37 
198310  271.95   273.32   275.42   276.95   277.02 
198311  262.52   263.40   267.68   270.77   271.10 
198312  251.94   253.74   259.80   265.83   265.83 
198401  252.70   253.58   258.62   264.19   264.33 
198402  253.94   255.33   261.72   266.57   267.03 
198403  257.75   260.77   266.41   271.02   271.31 
198404  267.43   268.02   271.50   274.71   274.87 
198405  273.94   274.89   277.53   279.01   279.45 
198406  280.26   280.35   282.75   284.18   284.85 
198407  284.19   284.82   286.49   287.66   287.83 
198408  283.99   284.47   286.58   287.46   288.06 
198409  279.51   280.85   281.90   283.04   283.68 
198410  272.29   272.79   275.29   277.68   278.47 
198411  261.75   264.31   268.07   270.51   271.15 
198412  255.28   255.95   260.67   264.58   265.33 
198501  250.38   254.05   259.65   264.40   265.14 
198502  255.24   256.09   262.51   267.95   267.95 
198503  262.84   264.18   266.62   270.83   270.86 
198504  266.10   268.69   272.03   275.57   276.32 
198505  275.81   276.14   277.77   279.94   280.02 
198506  280.72   281.06   282.63   284.18   284.45 
198507  284.85   285.04   286.81   287.91   287.97 
198508  285.38   285.57   286.67   287.84   287.94 
198509  279.93   280.04   282.07   283.35   283.58 
198510  273.45   273.80   275.55   276.89   278.29 
198511  264.11   264.41   269.01   271.12   271.90 
198512  254.18   257.03   260.93   266.54   268.77 
198601  253.72   254.02   259.22   265.89   266.89 
198602  255.05   256.64   263.21   267.48   267.48 
198603  261.98   262.12   267.38   270.75   272.18 
198604  269.69   269.79   272.30   275.41   276.13 
198605  275.84   276.08   278.12   280.12   280.56 
198606  280.85   281.42   282.98   284.81   286.65 
198607  285.02   285.18   287.07   288.60   288.80 
198608  285.54   285.57   286.56   287.85   287.86 
198609  279.58   280.46   282.08   283.31   283.48 
198610  272.94   273.50   275.43   277.77   277.79 
198611  264.69   265.75   267.85   270.99   271.80 
198612  255.87   256.55   261.61   266.49   267.67 
198701  255.04   255.05   259.75   265.08   265.88 
198702  252.42   257.37   262.26   267.06   268.24 
198703  260.26   260.66   267.08   271.48   271.64 
198704  268.97   269.29   272.12   275.14   275.39 
198705  276.09   276.65   278.06   280.33   280.47 
198706  280.26   281.46   282.88   284.80   284.96 
198707  283.89   284.63   287.14   288.75   288.77 
198708  285.45   285.52   286.71   288.18   288.37 
198709  280.50   280.83   282.37   283.28   283.41 
198710  273.41   273.80   275.89   277.64   277.73 
198711  264.03   265.49   268.26   271.42   271.93 
198712  255.43   256.10   261.17   268.60   268.92 
198801  252.57   253.89   259.23   264.23   265.27 
198802  257.75   258.03   263.90   268.60   270.86 
198803  261.22   262.48   266.50   268.58   271.41 
198804  268.10   269.00   270.92   273.85   274.91 
198805  274.84   276.67   277.79   279.79   279.90 
198806  280.42   280.49   282.72   284.07   284.38 
198807  283.69   284.87   286.69   287.67   288.74 
198808  285.18   285.54   287.00   287.84   288.34 
198809  280.33   280.35   282.24   283.47   283.60 
198810  271.94   273.38   275.05   277.39   278.10 
198811  264.42   264.83   267.95   271.23   271.93 
198812  256.28   256.41   262.03   265.23   266.53 
198901  249.18   251.41   259.26   264.15   265.98 
198902  257.15   257.70   262.31   267.88   269.45 
198903  261.59   262.17   267.26   270.48   270.75 
198904  268.81   268.99   272.21   274.20   274.99 
198905  275.73   276.29   277.97   279.94   280.66 
198906  280.79   280.85   282.96   285.95   285.99 
198907  285.30   285.44   287.30   288.63   288.85 
198908  284.86   285.28   286.77   287.96   288.13 
198909  280.82   281.12   282.31   283.36   283.38 
198910  273.50   273.94   275.46   277.48   277.50 
198911  264.84   264.97   268.62   271.04   271.61 
198912  254.22   257.37   262.09   265.85   266.92 
199001  254.91   255.67   260.55   263.81   264.26 
199002  256.86   258.12   262.67   268.65   270.87 
199003  263.91   263.96   266.43   270.41   270.58 
199004  269.91   270.16   272.66   274.75   274.81 
199005  276.79   277.04   278.48   279.71   280.19 
199006  281.09   281.47   282.96   284.70   285.75 
199007  284.30   285.36   287.05   288.51   288.64 
199008  285.13   285.42   286.92   288.13   288.31 
199009  280.85   281.21   282.21   283.68   284.33 
199010  273.34   273.69   275.88   277.90   278.47 
199011  263.27   263.34   268.40   271.55   271.86 
199012  253.16   254.54   261.77   266.67   267.92 
199101  251.59   252.80   260.97   264.36   265.93 
199102  256.01   257.94   263.39   270.26   270.27 
199103  259.94   263.40   267.48   272.01   272.25 
199104  267.45   269.18   272.38   274.47   274.48 
199105  275.53   276.11   278.12   279.46   280.12 
199106  281.69   281.86   283.22   284.97   286.05 
199107  284.16   285.06   287.13   288.34   289.50 
199108  284.60   285.19   286.67   288.11   288.15 
199109  279.78   280.89   281.86   283.22   283.42 
199110  273.21   273.58   275.35   277.07   277.43 
199111  262.93   264.34   267.92   271.28   271.44 
199112  251.27   255.58   261.16   266.88   267.76 
199201  254.24   254.63   259.97   264.25   266.23 
199202  251.03   256.34   262.95   268.05   269.11 
199203  260.77   263.15   266.39   272.06   272.11 
199204  268.09   268.12   271.90   274.07   274.26 
199205  275.22   275.67   277.47   278.93   279.30 
199206  279.64   280.23   282.24   284.28   285.38 
199207  283.99   284.13   286.06   287.74   287.78 
199208  283.97   284.69   286.06   287.37   287.71 
199209  279.64   280.27   281.26   283.30   283.69 
199210  271.75   272.29   274.94   276.94   277.38 
199211  261.82   262.20   267.86   270.53   270.93 
199212  253.30   255.53   260.88   267.22   267.54 
199301  252.82   254.12   258.53   263.57   264.08 
199302  254.91   254.94   261.41   266.21   268.36 
199303  261.69   262.04   265.97   269.34   270.66 
199304  264.13   267.28   271.23   273.69   274.52 
199305  274.48   275.28   277.49   279.55   280.40 
199306  280.57   280.60   282.40   283.94   284.11 
199307  284.75   285.24   286.82   287.89   288.07 
199308  284.54   284.87   286.39   287.60   287.68 
199309  279.88   280.31   281.94   283.19   283.65 
199310  273.17   273.45   275.34   277.63   278.12 
199311  264.77   265.75   268.51   271.08   271.08 
199312  254.84   255.23   262.15   267.18   268.18 
199401  251.42   253.30   259.50   265.38   267.18 
199402  253.73   255.84   262.95   267.51   267.75 
199403  260.05   262.02   267.21   271.15   271.35 
199404  266.82   268.57   272.43   274.09   275.98 
199405  276.21   276.48   278.28   280.09   280.51 
199406  280.39   281.12   282.91   284.10   284.58 
199407  285.14   285.49   287.18   288.34   288.42 
199408  285.60   285.82   287.02   288.43   288.44 
199409  279.91   279.97   282.01   283.85   284.19 
199410  272.12   273.86   275.83   277.34   277.86 
199411  265.08   265.32   268.46   270.91   271.59 
199412  255.41   255.91   261.76   265.57   266.52 
199501  251.29   252.56   259.63   265.53   265.89 
199502  254.92   258.14   262.19   269.40   270.69 
199503  262.70   264.49   267.01   270.97   271.77 
199504  268.15   268.38   272.11   275.05   275.79 
199505  275.50   276.02   277.75   279.83   280.34 
199506  280.96   281.38   283.22   284.20   284.47 
199507  284.49   285.08   287.19   288.12   289.24 
199508  285.37   285.42   286.66   287.66   288.31 
199509  279.89   280.32   282.22   284.15   284.48 
199510  274.05   274.23   275.81   277.86   277.91 
199511  263.76   265.65   269.04   270.86   271.23 
199512  256.53   256.57   262.00   265.87   266.99 
199601  251.02   251.73   260.57   266.05   266.90 
199602  255.95   256.26   262.52   269.46   269.86 
199603  261.38   262.71   266.59   271.41   273.49 
199604  269.06   269.88   272.52   275.12   275.13 
199605  276.14   276.30   278.66   280.10   281.26 
199606  280.99   281.19   283.20   284.86   284.97 
199607  285.31   285.38   287.17   289.09   289.50 
199608  285.43   285.59   286.88   288.47   288.68 
199609  281.13   281.30   282.24   283.59   283.61 
199610  273.20   273.92   275.62   277.43   277.64 
199611  265.68   265.76   268.20   271.35   271.68 
199612  254.64   255.72   260.99   264.58   264.79 
199701  254.12   254.21   259.98   267.03   268.86 
199702  253.37   257.97   262.75   268.54   268.58 
199703  262.58   263.40   266.47   270.20   271.12 
199704  267.39   267.70   272.12   274.31   274.50 
199705  275.52   276.58   278.24   279.85   280.28 
199706  281.08   281.09   283.15   284.51   284.67 
199707  284.52   285.70   287.54   288.48   288.62 
199708  285.54   285.73   286.95   287.61   287.88 
199709  280.12   280.71   282.21   283.15   283.67 
199710  273.72   274.02   275.94   277.56   277.71 
199711  262.78   264.12   268.13   270.73   272.34 
199712  253.47   257.28   260.80   264.88   265.03 
199801  255.43   256.35   259.79   264.28   266.29 
199802  254.55   254.88   262.94   268.17   268.65 
199803  262.75   262.83   267.51   270.59   271.10 
199804  269.18   270.02   272.33   274.78   277.96 
199805  276.36   276.61   278.09   281.22   281.47 
199806  281.24   281.30   282.90   285.29   285.60 
199807  285.36   285.74   287.32   288.53   289.60 
199808  285.59   286.05   286.90   288.40   288.69 
199809  280.50   281.41   282.32   283.71   284.34 
199810  273.06   273.68   275.85   278.37   278.45 
199811  264.18   265.37   268.68   270.79   271.26 
199812  255.30   255.57   261.37   266.90   266.90 
199901  253.13   253.69   259.99   264.92   265.25 
199902  257.39   257.98   263.57   268.20   271.15 
199903  261.82   264.03   267.25   270.85   271.13 
199904  267.18   269.34   272.79   275.01   275.26 
199905  275.45   275.79   278.45   279.66   279.99 
199906  281.28   281.46   282.96   284.78   285.01 
199907  284.78   285.32   287.32   289.35   290.11 
199908  285.81   285.91   286.98   288.05   288.29 
199909  280.57   280.94   282.43   283.78   283.87 
199910  272.94   273.18   276.08   277.95   278.45 
199911  263.14   264.39   268.00   271.60   273.66 
199912  251.55   255.53   261.70   265.46   266.41 
200001  250.81   250.87   261.55   267.13   267.34 
200002  256.12   257.37   263.37   268.32   269.35 
200003  258.89   262.38   266.13   269.31   270.42 
200004  267.19   267.64   272.21   273.98   274.94 
200005  276.54   276.78   278.15   279.81   279.85 
200006  281.29   281.44   283.33   284.91   285.24 
200007  285.29   285.69   287.26   288.65   290.14 
200008  285.24   285.38   287.11   288.40   288.49 
200009  280.60   280.79   282.45   283.88   284.28 
200010  272.66   274.03   275.86   277.67   277.82 
200011  263.77   264.91   268.57   271.49   271.66 
200012  254.32   254.34   260.68   266.07   266.43 
200101  251.87   252.77   259.63   264.74   265.58 
200102  258.13   258.45   263.04   267.67   268.83 
200103  260.44   262.29   268.07   272.08   272.66 
200104  268.92   269.31   272.23   275.07   275.17 
200105  276.50   277.28   278.26   280.87   281.39 
200106  280.49   281.14   283.60   284.77   284.97 
200107  284.93   285.58   287.78   289.18   289.32 
200108  285.36   285.46   287.26   288.74   288.80 
200109  280.67   280.77   282.41   283.82   283.95 
200110  274.14   274.15   275.77   277.86   278.50 
200111  263.63   265.22   268.43   271.26   271.44 
200112  252.04   254.47   262.06   266.05   266.20 
200201  248.85   253.33   260.28   265.35   266.42 
200202  250.47   256.14   263.62   268.75   269.73 
200203  260.30   263.66   267.86   270.83   272.42 
200204  267.71   268.21   272.30   275.29   276.05 
200205  276.09   276.62   278.26   280.52   281.29 
200206  280.50   281.61   283.64   284.95   286.49 
200207  284.88   285.34   287.59   288.94   288.96 
200208  286.18   286.24   287.41   288.56   288.57 
200209  280.12   280.46   282.53   283.71   283.77 
200210  273.28   274.10   275.86   278.48   278.55 
200211  264.50   265.64   268.44   271.11   271.36 
200212  253.59   254.50   261.12   266.59   267.47 
200301  250.54   255.01   260.65   266.86   268.59 
200302  256.70   257.36   262.83   267.62   268.61 
200303  261.83   262.83   267.40   271.50   271.64 
200304  268.58   269.03   272.19   274.49   275.89 
200305  275.73   276.00   277.93   280.24   281.32 
200306  281.40   281.72   283.01   285.14   285.39 
200307  284.92   285.52   287.47   288.91   289.22 
200308  284.57   284.90   287.07   288.61   289.04 
200309  279.86   280.72   282.59   284.27   284.44 
200310  272.34   272.71   275.95   278.03   278.52 
200311  262.06   264.64   269.01   270.84   271.05 
200312  254.98   255.86   260.33   264.21   264.83 
200401  253.54   253.59   259.87   264.45   264.48 
200402  258.12   258.39   263.01   267.98   268.93 
200403  261.46   261.94   267.02   270.23   272.00 
200404  269.05   269.72   272.00   276.04   276.71 
200405  276.35   276.92   278.54   280.54   280.86 
200406  281.30   281.79   283.10   285.31   286.09 
200407  285.18   285.39   287.60   288.71   288.75 
200408  285.04   285.47   287.42   288.36   288.75 
200409  281.13   281.25   282.39   283.51   283.86 
200410  272.59   273.70   276.21   278.28   278.81 
200411  264.60   264.80   268.77   272.78   273.18 
200412  257.06   257.29   261.84   266.63   267.65 
200501  252.57   252.86   259.76   266.69   267.43 
200502  253.77   255.34   262.38   267.29   268.19 
200503  263.45   263.47   267.62   271.29   271.34 
200504  267.84   269.20   272.46   274.96   275.36 
200505  275.92   276.38   278.38   280.23   280.24 
200506  281.23   281.65   283.15   285.15   285.96 
200507  285.22   286.05   287.40   288.82   289.03 
200508  285.39   285.97   286.81   288.60   289.00 
200509  280.53   280.90   282.52   283.97   284.27 
200510  272.67   272.98   276.05   277.36   277.74 
200511  264.79   265.30   268.65   272.32   273.54 
200512  256.78   257.08   261.61   266.16   267.71 
200601  251.07   255.45   261.24   265.62   266.80 
200602  256.43   257.84   263.65   267.04   267.05 
200603  262.60   263.36   267.43   271.63   271.63 
200604  268.50   269.51   272.31   275.68   275.91 
200605  276.66   277.38   278.61   280.27   280.31 
200606  282.23   282.24   283.56   285.10   285.28 
200607  285.81   286.23   287.89   288.84   289.01 
200608  285.91   286.20   287.48   288.46   289.30 
200609  281.06   281.06   282.71   284.16   284.19 
200610  273.68   273.85   276.24   278.16   278.23 
200611  263.61   264.72   268.37   272.38   272.49 
200612  255.60   255.65   261.53   267.04   267.88 
200701  251.64   253.33   260.00   264.54   266.06 
200702  256.66   257.19   263.36   267.88   268.15 
200703  263.63   263.92   266.86   270.21   271.04 
200704  269.90   270.20   272.54   274.96   275.06 
200705  276.81   277.16   279.03   280.97   281.13 
200706  280.81   281.45   283.45   285.55   285.57 
200707  283.36   285.72   287.35   288.87   289.41 
200708  284.88   285.08   287.23   288.74   289.10 
200709  281.11   281.17   282.53   284.60   284.80 
200710  273.24   274.02   276.28   278.13   278.21 
200711  264.26   264.57   268.62   271.83   271.94 
200712  253.66   255.88   261.70   265.55   265.63 
200801  250.76   250.91   259.77   265.99   266.50 
200802  255.15   255.54   263.08   269.54   269.76 
200803  261.00   261.00   267.57   272.30   272.34 
200804  267.15   269.00   272.62   275.55   275.62 
200805  276.05   276.54   278.70   280.27   281.67 
200806  281.54   281.95   283.57   285.33   285.47 
200807  285.15   286.07   287.73   289.09   290.18 
200808  285.96   286.08   287.43   288.46   288.51 
200809  281.37   281.40   282.80   284.26   285.12 
200810  271.92   274.35   276.25   278.60   279.21 
200811  265.18   265.18   269.35   272.73   273.69 
200812  251.41   256.88   262.58   266.25   266.49 
200901  253.92   254.87   259.61   264.39   265.54 
200902  258.79   260.14   264.08   269.80   271.05 
200903  262.83   262.93   267.52   271.51   271.88 
200904  268.98   269.26   272.61   275.19   275.43 
200905  275.68   277.26   278.86   280.69   280.74 
200906  281.02   281.24   283.70   285.50   285.71 
200907  285.58   285.96   287.67   289.02   290.04 
200908  285.62   285.67   287.23   288.96   289.27 
200909  280.65   281.08   282.70   285.34   285.64 
200910  272.03   273.75   276.06   277.88   278.95 
200911  264.45   265.81   268.86   271.93   272.78 
200912  256.68   257.04   261.26   265.92   267.58 
201001  253.86   254.70   260.17   265.93   266.20 
201002  255.82   258.29   263.04   267.17   269.32 
201003  261.55   263.09   267.31   270.40   270.54 
201004  268.22   269.43   272.89   275.82   275.91 
201005  275.92   276.72   278.59   280.32   281.48 
201006  281.59   281.79   283.47   284.64   285.03 
201007  285.90   286.27   287.68   288.91   289.47 
201008  285.44   285.89   287.56   289.14   289.34 
201009  281.33   281.44   282.95   284.28   284.48 
201010  273.35   273.57   276.07   278.15   278.67 
201011  266.00   266.16   269.64   272.82   272.97 
201012  257.13   257.41   262.45   268.45   269.07 
201101  254.20   254.34   260.18   267.02   267.15 
201102  257.16   259.08   264.02   268.19   268.84 
201103  263.51   264.03   267.89   271.89   273.36 
201104  269.54   269.64   273.51   275.05   276.56 
201105  276.87   277.38   278.82   280.80   281.27 
201106  282.50   282.55   283.85   284.71   284.89 
201107  286.19   286.25   287.74   289.10   289.35 
201108  285.09   285.23   287.54   288.28   289.24 
201109  281.53   281.64   282.96   284.60   284.69 
201110  273.78   273.88   276.44   278.44   279.13 
201111  266.37   266.79   269.22   271.96   272.07 
201112  256.14   258.44   263.17   267.45   268.64 
201201  254.32   255.00   261.02   265.09   265.45 
201202  257.23   259.57   264.17   267.73   268.15 
201203  262.85   263.19   268.11   271.86   273.03 
201204  267.61   268.56   273.12   275.71   275.88 
201205  275.98   276.86   279.13   281.29   281.48 
201206  281.31   281.39   283.72   285.32   285.55 
201207  285.86   286.47   288.01   289.20   289.46 
201208  285.73   285.78   287.46   288.79   288.86 
201209  280.84   281.15   283.16   284.66   284.89 
201210  273.12   273.20   276.01   277.67   278.48 
201211  263.77   264.97   269.30   272.04   272.42 
201212  256.81   258.21   261.65   265.14   267.68 
201301  254.17   254.32   260.15   266.06   266.07 
201302  256.88   257.29   264.80   268.37   268.85 
201303  261.16   262.64   268.40   270.51   271.11 
201304  268.93   270.02   272.10   275.32   275.76 
201305  276.73   277.12   278.73   280.72   280.81 
201306  282.02   282.06   283.57   285.45   286.04 
201307  285.57   286.29   287.88   289.31   289.33 
201308  285.76   286.10   287.82   288.68   289.28 
201309  280.80   281.56   282.89   284.41   284.69 
201310  273.63   273.66   276.14   278.32   280.02 
201311  266.58   266.84   269.77   272.21   272.35 
201312  255.03   255.89   262.61   266.73   267.29 
201401  254.18   254.55   261.31   265.07   265.95 
201402  257.63   258.89   264.22   266.37   268.30 
201403  262.39   262.47   267.15   270.43   271.12 
201404  269.59   270.02   272.40   274.34   275.45 
201405  276.05   277.26   278.77   280.44   281.01 
201406  281.13   281.75   283.45   284.93   285.52 
201407  285.57   286.78   288.04   289.19   289.41 
201408  286.00   286.69   287.74   289.14   289.25 
201409  281.24   281.58   282.73   284.39   284.74 
201410  272.71   274.48   276.19   278.75   279.84 
201411  263.52   264.30   269.23   272.72   272.84 
201412  255.14   257.09   261.37   266.19   266.50 
201501  253.45   254.47   260.18   265.72   266.40 
201502  256.83   258.97   262.65   266.31   266.81 
201503  263.55   264.51   267.15   270.85   272.54 
201504  269.62   270.02   272.51   274.79   276.67 
201505  276.48   276.98   278.65   281.20   281.71 
201506  280.96   282.14   283.71   285.21   285.47 
201507  286.24   286.54   288.11   289.16   289.29 
201508  285.93   286.17   287.66   288.85   289.20 
201509  281.36   281.41   282.97   284.55   284.59 
201510  273.12   273.14   276.31   278.54   278.97 
201511  264.34   265.04   269.58   272.01   272.16 
201512  255.11   257.69   262.22   266.54   267.74 
201601  251.91   254.31   260.77   266.10   266.62 
201602  256.76   258.40   264.00   269.16   269.18 
201603  263.63   263.64   268.04   271.31   272.05 
201604  269.78   270.35   273.32   275.48   276.40 
201605  277.37   277.58   279.07   281.17   281.56 
201606  282.65   282.90   284.33   286.02   286.35 
201607  285.04   286.42   288.15   289.47   289.56 
201608  286.11   286.28   287.75   289.07   289.31 
201609  281.05   281.37   283.07   284.81   284.84 
201610  273.47   275.25   276.77   278.15   278.39 
201611  264.70   265.53   269.40   272.06   273.28 
201612  256.42   258.69   262.45   266.90   267.95 
201701  254.17   255.39   261.38   267.03   267.19 
201702  258.12   259.38   264.51   268.87   270.77 
201703  262.57   264.35   268.75   271.18   272.17 
201704  269.15   271.01   273.06   276.07   276.47 
201705  277.13   277.47   279.01   280.67   281.66 
201706  282.14   282.45   284.01   286.56   286.58 
201707  286.39   286.68   288.17   289.12   289.50 
201708  286.92   287.07   287.91   289.23   289.47 
201709  281.30   281.61   283.10   284.35   284.80 
201710  273.45   274.20   276.30   278.61   278.65 
201711  264.58   265.44   269.22   272.34   272.47 
201712  254.24   256.76   262.24   266.39   266.49 
201801  254.00   255.12   261.62   266.46   267.56 
201802  253.05   259.08   264.62   269.76   271.97 
201803  260.78   261.48   268.59   271.17   271.44 
201804  269.72   270.13   272.53   275.01   275.16 
201805  276.68   276.94   278.76   280.11   280.50 
201806  281.77   282.05   283.67   285.97   286.09 
201807  285.87   286.55   287.84   289.08   289.55 
201808  285.52   286.08   287.84   289.35   289.37 
201809  281.38   281.92   283.45   284.44   284.54 
201810  272.55   273.24   276.86   278.57   278.82 
201811  264.21   265.95   269.11   271.19   272.85 
201812  257.90   258.07   262.76   267.15   268.94 
201901  255.27   256.97   262.01   264.85   265.07 
201902  255.99   257.94   264.25   267.04   270.07 
201903  261.17   265.08   268.81   270.99   271.36 
201904  268.19   268.73   273.04   276.00   276.13 
201905  277.18   277.37   278.69   280.54   280.80 
201906  282.23   282.31   283.99   285.65   286.17 
201907  285.53   285.73   288.24   289.47   289.61 
201908  286.36   286.66   288.18   289.70   289.94 
201909  281.25   281.73   283.18   284.57   284.61 
201910  274.06   275.14   276.62   279.15   279.22 
201911  265.51   266.01   269.60   272.87   274.65 
201912  255.28   255.85   263.16   266.93   266.95 
202001  252.53   254.27   260.75   265.67   266.25 
202002  258.10   258.55   262.87   268.52   269.71 
202003  261.21   261.33   268.59   272.00   272.41 
202004  268.98   269.72   273.07   275.30   275.36 
202005  277.55   277.65   278.92   280.66   280.89 
202006  282.22   282.39   284.23   285.48   285.58 
202007  285.81   286.55   288.27   289.49   289.89 
202008  286.86   286.99   288.02   289.47   289.57 
202009  281.48   281.87   283.54   284.66   285.56 
202010  273.56   274.09   276.81   278.67   279.46 
202011  264.60   267.37   270.50   272.47   273.84 
202012  255.17   258.45   263.70   267.83   268.46 
202101  254.09   254.86   262.71   267.14   267.80 
202102  258.09   260.50   265.35   269.66   270.57 
202103  263.08   264.07   268.91   271.61   272.61 
202104  269.93   270.52   273.55   274.99   275.40 
202105  276.64   276.79   279.10   280.87   281.16 
202106  280.60   282.96   284.06   286.06   286.20 
202107  285.94   286.27   288.19   289.53   289.60 
202108  286.45   286.75   287.92   289.20   289.27 
202109  281.61   282.13   283.21   285.19   285.50 
202110  273.82   274.18   276.30   278.47   278.90 
202111  264.20   265.68   269.10   272.52   273.43 
202112  256.69   258.71   262.27   266.37   268.58 
202201  248.73   254.49   261.48   266.39   269.88 
202202  258.10   258.32   264.21   268.44   271.66 
202203  262.41   264.00   268.63   271.13   272.16 
202204  269.77   270.00   273.25   276.16   276.32 
202205  276.61   277.61   279.07   280.07   280.21 
202206  281.75   282.19   284.08   285.95   286.03 
202207  286.34   286.36   288.44   290.07   290.36 
202208  285.07   286.47   288.28   289.50   289.54 
202209  281.21   281.52   283.29   284.72   284.92 
202210  273.41   274.34   276.50   279.40   279.76 
202211  265.75   265.78   269.41   271.69   272.39 
202212  255.65   257.25   262.49   268.62   269.40 
202301  255.96   256.63   261.13   266.92   268.14 
202302  254.76   256.10   264.48   268.19   268.80 
202303  260.20   262.66   268.32   271.80   272.56 
202304  267.29   267.72   273.26   276.50   276.57 
202305  276.00   276.04   279.15   280.57   280.73 
202306  281.38   282.29   283.75   286.20   286.35 
202307  286.11   287.00   288.67   289.47   290.57 
202308  285.82   285.86   288.18   289.33   290.33 
202309  281.19   281.58   283.58   285.01   285.65 
202310  273.85   273.86   276.90   279.14   279.19 
202311  266.68   266.96   270.13   272.09   272.52 
202312  254.85   256.76   262.03   267.49   268.86 
202401  250.78   251.40   260.01   266.75   267.86 
202402  259.75   260.27   264.80   269.91   270.00 
202403  265.23   265.90   268.62   271.76   272.26 
202404  269.88   270.73   273.82   275.79   276.11 
202405  277.31   277.77   279.50   281.89   281.98 
202406  283.02   283.18   284.46   286.39   287.22 
202407  285.21   285.46   288.23   290.01   290.09 
202408  286.82   286.87   288.18   289.61   289.62 
202409  281.31   281.76   283.45   284.71   285.44 
202410  275.04   275.14   277.26   279.27   279.70 
202411  264.84   265.16   270.09   272.49   272.90 
202412  257.59   258.65   263.85   268.45   268.99 
202501  255.11   255.46   262.50   267.07   268.24 
202502  257.32   258.25   266.15   269.19   270.75 
202503  263.75   264.04   268.86   272.97   273.81 
202504  269.75   271.48   273.55   276.08   276.52 
202505  277.19   277.94   279.60   281.68   282.32 
202506  282.43   282.56   284.74   286.70   286.73 
202507  286.58   287.12   289.02   289.94   290.10 
202508  286.79   287.19   288.41   289.40   289.56 
202509  281.68   281.92   283.74   284.79   284.81 
202510  273.87   274.25   276.90   279.46   279.53 
202511  265.66   266.48   270.36   272.94   273.51 
202512  258.36   259.08   263.49   267.66   268.00 
202601  254.75   256.69   262.37   267.04   267.65 
202602  256.67   259.33   265.04   269.37   269.93 
202603  260.22   264.48   268.69   271.81   271.93 
202604  267.30   269.99   273.85   275.38   275.61 
202605  274.88   277.72   279.48   281.63   281.90 
202606  282.47   282.56   284.28   285.54   285.94 
202607  286.33   286.97   288.57   289.67   289.86 
202608  286.60   286.85   288.46   289.45   289.53 
202609  281.90   282.02   283.79   285.10   285.59 
202610  274.06   274.81   277.40   279.11   279.96 
202611  265.82   266.37   269.24   272.26   273.14 
202612  256.78   256.92   262.79   267.18   268.00 
202701  254.65   254.81   261.81   266.09   266.66 
202702  258.59   259.95   265.41   270.22   270.25 
202703  261.28   263.14   268.85   271.18   272.50 
202704  267.83   270.47   273.15   275.29   276.45 
202705  276.71   277.43   279.64   281.25   281.39 
202706  282.10   282.69   284.48   286.16   286.74 
202707  285.19   286.18   288.74   290.24   291.01 
202708  287.13   287.28   288.51   289.86   290.19 
202709  282.39   282.66   283.87   285.28   285.32 
202710  274.14   274.48   276.94   278.52   278.97 
202711  265.08   266.52   269.99   272.48   272.60 
202712  256.43   259.39   263.34   267.77   268.54 
202801  256.05   257.28   262.86   268.07   269.27 
202802  258.96   259.03   265.25   269.11   270.20 
202803  264.48   264.96   268.91   272.43   272.81 
202804  270.99   271.80   273.77   275.49   276.58 
202805  276.56   278.07   279.58   281.31   281.64 
202806  281.95   282.31   284.41   286.13   286.65 
202807  285.93   286.83   288.77   289.87   290.49 
202808  286.06   286.35   288.10   289.24   289.27 
202809  281.50   282.19   283.98   285.59   285.93 
202810  274.14   274.26   277.14   279.03   279.60 
202811  266.97   267.43   269.70   272.48   272.53 
202812  256.19   258.34   263.60   267.41   267.53 
202901  256.63   256.85   261.20   266.71   268.09 
202902  256.39   259.98   265.89   269.81   271.11 
202903  263.72   265.76   269.13   272.29   272.54 
202904  270.55   271.39   273.64   276.60   276.67 
202905  277.67   278.12   279.33   281.10   281.55 
202906  282.92   283.02   284.29   286.01   286.61 
202907  286.33   286.90   288.93   289.67   289.76 
202908  287.09   287.10   288.49   289.38   289.61 
202909  281.93   282.05   283.68   284.87   285.61 
202910  275.56   275.59   276.78   278.47   278.90 
202911  264.58   265.09   270.26   272.95   274.36 
202912  257.02   257.75   261.74   266.35   266.69 
203001  252.88   255.49   261.68   266.85   268.25 
203002  258.94   260.00   265.74   269.37   271.10 
203003  262.74   264.28   269.21   272.68   272.71 
203004  268.14   271.16   273.61   277.07   277.42 
203005  277.39   277.71   279.64   281.64   282.54 
203006  282.67   282.96   284.40   286.03   286.06 
203007  286.73   287.56   289.18   290.17   290.31 
203008  286.53   287.09   288.67   289.93   290.45 
203009  282.19   282.23   283.96   285.12   285.79 
203010  275.16   275.34   277.70   279.93   280.01 
203011  264.74   265.58   270.24   272.73   273.34 
203012  256.93   257.99   262.00   267.96   268.03 
203101  255.52   255.63   261.09   267.01   267.05 
203102  258.35   258.57   265.49   269.75   271.28 
203103  263.64   264.32   269.08   272.57   273.34 
203104  269.35   271.11   273.92   277.30   277.75 
203105  278.01   278.01   279.46   281.91   282.16 
203106  282.75   282.95   284.48   286.86   287.25 
203107  285.67   286.56   288.83   290.01   290.13 
203108  287.25   287.34   288.71   289.69   289.97 
203109  282.55   282.88   283.77   285.37   286.14 
203110  274.95   275.26   277.15   279.23   279.44 
203111  266.88   267.11   270.56   271.89   272.70 
203112  256.17   256.71   264.01   269.06   269.72 
203201  255.29   255.42   262.78   268.43   268.82 
203202  258.18   259.29   264.94   269.13   270.88 
203203  263.02   265.44   269.28   272.09   272.49 
203204  269.39   270.54   273.96   276.25   276.56 
203205  277.63   277.87   279.52   281.13   283.05 
203206  282.07   282.43   284.53   286.36   286.98 
203207  286.44   286.99   288.60   290.00   291.09 
203208  286.55   286.58   288.68   290.04   290.09 
203209  282.06   282.54   283.94   285.52   286.32 
203210  274.94   275.28   277.39   279.74   279.87 
203211  267.22   267.59   269.91   272.70   272.88 
203212  256.06   257.47   263.20   266.32   266.92 
203301  253.45   256.08   262.30   268.27   268.34 
203302  256.73   257.16   265.84   269.07   271.11 
203303  260.99   265.20   268.64   271.42   271.84 
203304  267.37   271.15   273.52   277.06   278.12 
203305  277.42   278.16   279.40   281.62   281.69 
203306  282.75   283.00   284.48   286.21   286.45 
203307  286.15   286.52   288.58   289.88   290.68 
203308  286.41   287.11   288.65   289.80   290.07 
203309  282.36   282.41   283.93   284.85   284.87 
203310  275.28   275.31   278.00   279.48   280.31 
203311  265.72   266.75   270.35   272.61   273.88 
203312  257.86   258.99   262.94   266.90   268.07 
203401  253.44   255.97   262.57   268.27   268.59 
203402  260.53   260.54   265.16   268.60   270.79 
203403  261.91   264.63   268.82   271.25   272.12 
203404  269.11   270.83   273.92   275.90   276.53 
203405  277.14   277.66   279.83   281.17   282.69 
203406  282.66   282.81   284.30   286.05   286.35 
203407  286.73   286.74   288.91   290.29   290.71 
203408  286.21   287.05   288.75   290.17   290.91 
203409  281.92   282.33   283.84   285.84   286.26 
203410  273.47   274.57   277.45   278.92   279.52 
203411  266.72   267.40   270.10   273.59   274.05 
203412  256.56   260.27   264.72   267.75   269.52 
203501  254.92   256.02   263.79   267.71   267.87 
203502  257.99   258.42   265.64   269.00   269.38 
203503  260.92   264.77   269.67   273.31   274.46 
203504  269.95   271.32   274.19   277.01   277.06 
203505  277.89   278.29   279.74   281.79   282.12 
203506  282.52   283.39   284.85   287.00   287.22 
203507  285.05   287.50   289.38   290.38   290.62 
203508  285.47   287.38   289.10   290.17   290.58 
203509  281.89   282.57   284.29   286.01   286.68 
203510  274.34   274.57   277.81   280.16   280.98 
203511  266.23   267.26   270.50   272.84   274.49 
203512  258.03   258.21   263.10   269.99   270.09 
203601  252.31   253.10   261.80   266.81   267.58 
203602  257.48   260.92   265.81   270.37   271.30 
203603  266.98   267.16   269.74   272.50   273.70 
203604  271.25   271.41   274.24   277.33   277.47 
203605  278.17   278.20   279.74   281.19   281.33 
203606  282.18   282.69   284.80   286.29   286.83 
203607  286.99   287.83   289.31   290.40   291.24 
203608  286.99   287.30   288.88   290.56   291.03 
203609  282.82   282.95   284.41   285.71   285.89 
203610  274.96   275.76   277.64   279.48   280.04 
203611  266.53   267.89   270.66   272.53   272.60 
203612  255.78   257.21   263.60   268.27   269.20 
203701  254.55   254.82   262.75   268.23   270.58 
203702  258.36   259.04   265.30   270.94   271.82 
203703  262.17   264.19   270.19   272.89   274.18 
203704  271.60   271.89   274.79   276.64   277.24 
203705  278.62   278.65   280.05   281.88   282.42 
203706  282.69   282.77   284.85   286.65   287.06 
203707  287.66   287.71   289.06   290.57   290.87 
203708  286.48   287.36   289.06   290.04   290.25 
203709  282.81   282.88   284.20   286.06   286.06 
203710  275.40   275.58   277.86   279.82   280.06 
203711  266.43   266.96   270.40   272.44   273.09 
203712  258.42   258.56   264.54   268.62   269.52 
203801  254.71   256.30   262.14   266.19   267.09 
203802  258.51   259.10   265.27   270.39   270.67 
203803  264.42   264.48   269.11   271.93   271.96 
203804  269.61   270.56   273.80   275.80   276.51 
203805  277.58   278.06   279.65   281.29   281.82 
203806  283.17   283.20   285.01   286.68   287.02 
203807  287.34   287.50   288.83   290.77   290.90 
203808  287.49   287.93   288.82   289.99   290.15 
203809  282.45   282.60   284.62   286.45   286.65 
203810  275.13   275.66   277.67   279.11   279.60 
203811  267.32   267.57   270.54   272.83   273.04 
203812  258.78   259.30   265.52   269.18   269.88 
203901  257.99   258.51   263.22   266.72   267.54 
203902  260.11   260.55   266.01   270.67   271.38 
203903  267.03   267.18   269.73   272.63   272.85 
203904  271.03   272.51   274.26   276.16   276.30 
203905  277.92   278.46   279.98   282.13   282.22 
203906  282.05   282.56   285.02   286.98   287.07 
203907  286.60   287.77   289.39   290.47   290.52 
203908  287.43   287.94   289.30   290.20   290.81 
203909  282.62   283.16   284.74   286.06   286.24 
203910  275.82   275.85   277.58   280.16   280.60 
203911  265.02   265.60   270.19   273.27   273.42 
203912  256.40   259.29   265.37   267.97   269.57 
204001  256.86   257.14   263.60   267.37   267.78 
204002  259.96   260.71   265.75   270.50   271.80 
204003  265.16   265.83   270.13   272.55   272.62 
204004  270.55   271.28   273.76   276.55   277.85 
204005  278.70   278.84   280.05   281.15   283.07 
204006  283.22   283.24   285.63   287.18   287.45 
204007  287.19   287.22   289.80   290.33   290.53 
204008  287.93   288.07   289.26   289.96   290.12 
204009  283.11   283.28   284.54   286.10   286.44 
204010  274.37   275.81   277.60   279.58   279.69 
204011  266.90   267.77   270.88   272.94   273.08 
204012  259.72   259.84   264.43   269.29   269.31 
204101  257.23   257.33   263.02   268.80   269.01 
204102  258.81   259.84   265.45   269.61   270.47 
204103  260.40   262.65   269.89   272.75   273.10 
204104  268.90   270.11   274.30   276.68   276.88 
204105  277.95   278.19   279.98   282.00   282.01 
204106  282.50   282.79   285.16   286.86   286.97 
204107  285.96   286.07   289.02   290.70   291.00 
204108  286.79   287.16   288.90   290.55   291.22 
204109  282.67   283.01   284.64   286.09   286.25 
204110  275.16   276.07   277.92   279.43   279.64 
204111  265.60   267.33   270.85   272.77   272.89 
204112  257.08   257.82   265.05   268.90   268.95 
204201  255.68   257.73   262.50   266.21   268.09 
204202  261.13   261.43   265.83   270.39   270.61 
204203  266.07   266.10   269.91   273.12   273.24 
204204  270.05   272.13   274.54   276.06   276.56 
204205  278.05   278.32   280.25   281.70   282.19 
204206  282.72   283.09   285.21   286.64   287.39 
204207  286.93   286.99   289.41   290.78   290.97 
204208  287.02   287.12   289.02   290.52   291.20 
204209  282.63   283.16   284.42   286.04   286.54 
204210  274.87   275.68   277.63   279.70   280.24 
204211  266.66   267.24   271.27   273.11   274.12 
204212  257.05   257.94   264.40   268.70   269.71 
204301  255.15   258.04   263.60   267.24   268.09 
204302  260.95   261.43   267.04   270.22   270.50 
204303  265.68   266.33   269.82   272.79   272.99 
204304  270.09   270.47   274.67   276.86   278.04 
204305  277.50   278.59   279.91   281.47   282.08 
204306  282.69   283.78   285.19   287.31   287.40 
204307  286.80   286.82   289.64   291.29   291.58 
204308  286.93   287.62   289.38   290.83   292.41 
204309  282.96   283.48   284.99   286.35   286.43 
204310  275.87   276.00   278.38   280.47   280.62 
204311  267.15   268.43   271.31   273.70   273.85 
204312  258.40   259.79   264.48   267.53   269.05 
204401  256.98   257.79   262.64   268.59   268.75 
204402  258.90   260.29   265.54   269.57   271.26 
204403  266.56   267.31   269.61   273.04   273.19 
204404  271.89   272.11   274.76   277.16   277.70 
204405  278.72   278.74   280.45   281.97   282.04 
204406  283.79   283.81   285.79   286.95   288.50 
204407  286.99   287.76   289.05   290.98   291.21 
204408  287.07   287.64   289.11   290.53   290.82 
204409  282.91   283.29   284.68   286.07   286.42 
204410  275.00   275.22   278.09   279.53   280.57 
204411  266.71   267.01   270.62   273.93   274.18 
204412  256.90   257.24   264.44   270.27   270.89 
204501  255.76   256.63   263.88   267.99   268.28 
204502  260.28   261.78   266.65   271.53   272.21 
204503  263.92   265.64   269.88   273.40   274.71 
204504  272.07   272.46   274.54   275.93   276.83 
204505  277.32   277.61   280.32   282.19   282.68 
204506  282.99   283.70   285.51   287.30   288.48 
204507  286.80   287.36   289.70   290.99   291.50 
204508  287.37   288.26   289.68   290.83   290.96 
204509  282.92   283.06   284.98   286.09   286.77 
204510  275.06   276.24   278.53   280.67   280.94 
204511  267.29   267.40   271.19   273.38   274.55 
204512  260.92   261.28   265.56   268.76   268.86 
204601  254.47   259.98   264.63   268.60   268.65 
204602  259.83   259.96   267.63   270.18   270.48 
204603  263.62   265.10   270.48   273.53   274.04 
204604  270.47   270.62   274.64   277.22   277.98 
204605  278.38   278.48   280.63   282.63   282.73 
204606  282.90   283.11   285.27   288.97   289.33 
204607  286.44   287.50   289.68   290.94   290.94 
204608  287.19   287.79   289.87   290.84   291.06 
204609  283.19   283.58   284.90   286.72   287.01 
204610  274.92   275.79   278.21   279.69   280.13 
204611  264.65   267.80   270.77   273.41   275.12 
204612  258.51   260.00   264.06   269.02   269.38 
204701  257.77   257.97   263.25   269.36   270.04 
204702  259.53   260.69   266.07   271.43   271.64 
204703  263.48   264.35   269.64   273.39   273.47 
204704  270.92   270.98   274.55   276.98   277.61 
204705  278.20   279.24   280.65   282.36   282.88 
204706  282.74   283.16   285.46   287.33   287.35 
204707  288.15   288.19   289.70   290.97   291.38 
204708  288.16   288.39   289.46   291.11   291.18 
204709  283.14   283.32   285.32   286.73   287.01 
204710  275.24   275.34   278.35   280.82   280.99 
204711  266.64   268.85   271.62   273.89   274.25 
204712  258.74   259.58   264.23   267.21   267.40 
204801  257.48   258.85   264.61   269.44   270.01 
204802  261.71   261.82   266.82   270.33   270.84 
204803  267.35   267.75   270.54   274.07   274.42 
204804  271.21   272.14   274.85   277.30   277.46 
204805  278.47   278.80   280.58   282.20   282.94 
204806  283.89   284.07   285.57   286.88   287.14 
204807  287.40   287.56   289.87   291.06   291.34 
204808  286.71   287.62   289.82   291.14   291.28 
204809  283.31   283.59   285.20   286.77   287.39 
204810  276.43   276.64   278.41   280.27   280.95 
204811  267.91   268.30   272.10   273.99   274.16 
204812  260.75   261.01   265.24   269.12   269.98 
204901  254.20   254.85   263.01   266.99   268.71 
204902  262.03   262.20   266.56   269.39   270.34 
204903  265.30   266.12   269.77   273.49   274.06 
204904  271.27   271.94   274.77   277.96   278.54 
204905  277.78   278.24   280.71   282.41   282.65 
204906  283.68   284.01   285.59   287.17   287.42 
204907  287.17   287.88   290.13   291.13   291.20 
204908  287.38   287.56   289.87   291.04   291.28 
204909  283.71   283.87   285.15   286.51   287.18 
204910  274.45   276.36   278.47   279.91   280.12 
204911  269.57   269.70   271.91   274.20   275.29 
204912  258.72   260.33   265.03   269.42   270.18 
205001  255.50   257.56   263.43   267.02   271.43 
205002  261.02   261.92   266.45   270.64   271.12 
205003  263.20   268.42   271.11   273.43   273.66 
205004  273.11   273.35   275.44   278.20   279.29 
205005  278.50   279.11   280.71   282.87   282.90 
205006  284.35   284.60   285.82   287.47   287.56 
205007  288.06   288.35   289.85   291.43   291.73 
205008  288.26   288.39   289.85   291.46   291.51 
205009  283.36   283.97   285.51   286.53   286.59 
205010  276.07   276.65   278.65   280.62   280.90 
205011  267.96   268.58   271.62   273.96   274.84 
205012  258.92   259.14   265.25   269.53   270.14 
205101  253.51   255.73   264.17   268.60   268.63 
205102  256.05   259.86   266.68   271.41   271.93 
205103  262.52   264.87   270.59   273.54   274.12 
205104  271.88   271.91   274.97   276.79   277.18 
205105  278.75   278.75   280.76   282.64   282.70 
205106  284.05   284.10   285.55   287.10   287.87 
205107  285.71   286.95   289.99   291.52   292.21 
205108  287.54   287.93   289.76   290.82   290.83 
205109  283.67   283.92   285.07   286.13   286.27 
205110  274.92   277.02   278.42   280.54   280.89 
205111  268.82   268.90   271.59   273.82   273.91 
205112  259.09   259.86   264.64   269.50   270.14 
205201  257.45   258.17   263.77   269.63   269.71 
205202  258.65   258.73   266.86   270.58   270.85 
205203  266.89   266.94   270.27   272.92   274.19 
205204  271.53   272.81   274.45   277.45   277.45 
205205  278.42   278.61   280.50   282.68   282.72 
205206  283.75   284.24   285.67   287.95   288.15 
205207  287.81   287.98   289.90   291.47   291.47 
205208  287.72   288.16   290.00   291.16   291.22 
205209  283.58   283.60   285.42   286.56   286.63 
205210  274.63   276.84   278.59   280.47   280.49 
205211  268.00   269.22   271.45   273.78   273.87 
205212  259.36   260.54   265.69   268.90   269.21 
205301  256.77   256.99   264.24   268.04   271.41 
205302  263.66   264.24   267.66   272.00   272.10 
205303  266.09   266.72   270.91   274.56   274.69 
205304  270.58   272.33   275.12   278.02   278.49 
205305  279.17   279.50   280.64   283.10   283.18 
205306  283.61   284.30   285.91   287.45   287.89 
205307  288.36   288.96   290.16   291.44   291.95 
205308  288.19   288.51   289.93   291.70   291.84 
205309  284.00   284.06   285.36   286.76   286.93 
205310  275.99   276.89   278.68   281.11   281.32 
205311  269.08   269.48   271.36   273.30   273.41 
205312  259.69   260.52   265.52   268.97   269.45 
205401  259.93   260.04   264.01   268.51   269.90 
205402  259.98   261.94   267.20   269.92   271.32 
205403  261.77   264.41   271.20   273.84   274.19 
205404  269.10   272.20   275.46   277.56   277.74 
205405  278.30   279.10   281.02   282.81   283.20 
205406  284.09   284.19   286.36   287.77   288.38 
205407  288.31   288.42   290.34   291.78   292.17 
205408  288.63   288.77   289.99   291.43   291.53 
205409  283.75   284.27   285.65   286.70   287.22 
205410  276.38   276.93   278.82   280.10   281.72 
205411  268.81   268.84   271.84   273.79   274.99 
205412  260.91   261.05   266.11   268.32   269.26 
205501  260.25   260.61   263.55   267.51   268.96 
205502  261.50   262.74   267.14   271.80   272.99 
205503  264.16   266.87   270.43   273.26   274.00 
205504  271.17   271.86   275.18   277.57   278.37 
205505  278.03   278.61   281.01   283.28   283.30 
205506  283.77   284.75   285.96   288.10   290.47 
205507  286.78   288.06   290.48   291.94   292.71 
205508  288.20   288.41   290.25   291.94   292.00 
205509  283.68   283.96   285.27   287.00   287.33 
205510  276.84   276.94   278.86   281.19   281.51 
205511  268.58   268.71   271.76   273.84   274.09 
205512  259.42   260.17   264.82   268.66   270.81 
205601  257.12   257.86   265.21   269.52   270.18 
205602  261.72   261.74   267.82   270.36   270.56 
205603  266.92   267.74   270.85   274.49   274.94 
205604  272.81   272.82   275.71   277.56   277.95 
205605  278.41   279.02   281.34   282.89   283.73 
205606  284.44   284.51   286.14   287.42   287.45 
205607  287.47   288.52   290.45   291.70   291.86 
205608  288.76   289.11   290.58   291.59   291.73 
205609  284.01   284.14   285.63   286.82   287.30 
205610  276.02   276.18   279.00   281.22   281.33 
205611  269.19   269.62   271.77   274.27   277.16 
205612  260.56   261.47   265.88   270.09   270.36 
205701  258.02   258.32   264.40   268.83   270.07 
205702  261.33   262.69   267.89   271.58   272.55 
205703  265.86   266.42   271.07   274.04   274.34 
205704  272.68   273.22   275.73   278.08   278.19 
205705  278.98   279.20   280.61   282.45   282.67 
205706  284.00   284.09   286.17   287.74   287.94 
205707  288.55   288.77   290.73   292.17   292.41 
205708  288.92   289.07   290.35   291.93   292.01 
205709  283.85   284.20   285.92   287.03   287.07 
205710  276.17   276.63   278.85   280.76   281.00 
205711  268.71   269.01   271.45   274.06   274.18 
205712  260.22   260.53   265.48   270.11   270.28 
205801  260.77   260.82   264.43   269.08   269.09 
205802  262.14   263.21   267.53   272.22   272.25 
205803  268.10   268.10   271.13   274.50   274.81 
205804  272.74   273.76   275.58   277.90   279.31 
205805  278.84   279.92   281.35   283.02   283.19 
205806  284.79   285.10   286.34   288.85   288.90 
205807  287.94   289.18   290.87   292.41   292.79 
205808  288.42   288.85   290.78   291.96   292.01 
205809  283.85   284.14   285.81   287.62   287.80 
205810  276.36   276.91   278.96   281.86   282.38 
205811  268.29   268.44   272.47   274.75   275.10 
205812  260.17   260.61   265.90   269.45   269.67 
205901  260.17   260.44   264.50   268.34   271.13 
205902  263.25   264.49   268.55   271.54   274.41 
205903  268.40   268.60   271.00   273.71   274.52 
205904  272.20   272.89   275.71   278.50   279.40 
205905  278.79   279.61   281.50   282.87   282.92 
205906  284.79   285.01   286.50   288.04   288.28 
205907  288.60   289.00   290.73   292.16   292.18 
205908  289.15   289.35   290.60   291.74   292.00 
205909  284.59   284.60   285.94   287.37   287.67 
205910  277.17   277.22   279.12   281.17   281.95 
205911  269.42   269.90   272.77   274.58   275.06 
205912  258.25   260.44   265.25   269.99   270.76 
206001  254.19   256.98   265.72   271.66   272.61 
206002  261.57   263.13   267.68   272.49   273.16 
206003  268.18   268.81   271.44   274.04   274.86 
206004  273.27   273.37   275.53   278.20   278.31 
206005  279.33   279.66   281.66   282.54   283.26 
206006  283.40   284.26   286.43   288.25   289.07 
206007  288.42   288.76   290.64   291.90   291.91 
206008  289.06   289.18   290.70   291.69   291.74 
206009  284.32   284.43   286.05   287.76   288.06 
206010  277.16   277.35   279.66   281.75   281.89 
206011  268.15   268.71   272.12   274.06   274.09 
206012  259.47   260.69   266.05   269.73   271.11 
206101  257.63   259.50   264.57   269.88   270.81 
206102  264.76   264.78   268.32   271.34   272.12 
206103  267.68   268.63   271.81   274.45   274.51 
206104  271.30   272.75   275.64   277.62   278.22 
206105  279.45   279.49   281.55   283.17   284.47 
206106  284.27   284.42   286.11   287.87   288.30 
206107  288.88   289.08   290.53   291.78   291.97 
206108  288.88   289.09   290.62   291.72   291.97 
206109  283.89   284.34   285.95   287.24   287.64 
206110  276.23   276.87   279.04   280.39   280.50 
206111  269.29   269.32   272.28   274.92   275.04 
206112  261.53   262.15   266.27   270.55   271.71 
206201  259.34   260.11   264.81   269.18   270.44 
206202  262.67   262.78   267.81   270.95   271.01 
206203  267.82   269.22   271.00   273.45   273.88 
206204  272.71   273.19   275.65   277.39   278.07 
206205  278.69   279.59   281.53   283.81   284.31 
206206  284.15   284.39   286.59   288.45   288.59 
206207  287.40   288.35   290.63   291.79   291.82 
206208  289.33   289.40   290.65   292.24   292.53 
206209  284.16   284.82   286.38   287.69   288.41 
206210  276.89   276.91   279.32   281.33   281.47 
206211  268.23   268.77   272.36   274.51   275.09 
206212  261.21   261.27   265.75   269.62   269.76 
206301  257.11   259.63   264.02   269.97   270.69 
206302  262.81   263.33   268.84   271.62   271.63 
206303  265.33   265.55   271.10   274.84   275.14 
206304  272.25   273.30   275.58   278.01   278.01 
206305  279.14   279.66   281.50   283.58   283.86 
206306  283.99   284.23   286.05   287.25   288.99 
206307  288.30   288.61   290.74   292.18   292.28 
206308  287.96   288.73   290.63   291.85   291.91 
206309  283.59   284.29   286.11   287.08   287.10 
206310  277.79   277.87   279.74   281.31   281.52 
206311  269.03   269.22   272.36   274.57   274.63 
206312  259.90   261.95   266.14   269.84   270.63 
206401  259.29   259.44   264.43   269.32   270.05 
206402  262.98   263.07   268.55   271.61   272.70 
206403  267.14   267.29   271.60   273.86   274.30 
206404  273.63   273.66   275.97   278.04   278.24 
206405  279.19   279.84   281.72   283.26   283.47 
206406  284.69   284.90   286.89   288.69   288.92 
206407  288.04   288.89   291.04   292.59   292.66 
206408  289.14   289.49   291.15   292.41   292.49 
206409  284.53   284.74   286.48   287.77   287.99 
206410  277.03   277.30   279.61   281.20   281.56 
206411  266.88   269.15   272.45   274.68   276.44 
206412  260.80   261.57   266.50   271.74   271.88 
206501  258.14   260.03   265.60   271.92   272.22 
206502  263.84   265.02   268.48   271.03   271.50 
206503  268.17   268.87   272.10   273.79   274.22 
206504  272.42   273.86   276.18   277.91   278.31 
206505  279.61   279.85   281.86   283.97   284.40 
206506  284.27   285.02   287.08   288.92   289.16 
206507  288.27   288.88   291.14   292.77   293.30 
206508  289.90   290.21   291.11   292.57   292.96 
206509  284.91   285.03   286.72   288.71   289.50 
206510  277.27   278.00   279.71   281.94   281.96 
206511  269.54   269.77   272.64   274.29   274.43 
206512  262.41   263.25   267.39   270.78   273.36 
206601  259.32   259.62   266.22   270.25   270.84 
206602  263.64   264.10   268.74   272.69   273.53 
206603  268.44   268.61   271.92   275.62   276.08 
206604  272.41   272.65   276.07   278.21   278.35 
206605  280.06   280.14   281.68   283.82   284.23 
206606  284.93   285.21   287.04   289.36   289.57 
206607  288.32   288.34   291.10   292.70   293.02 
206608  289.28   289.37   290.87   292.23   292.55 
206609  284.61   285.02   286.31   287.94   288.22 
206610  276.87   277.93   279.81   281.63   281.84 
206611  268.41   269.11   272.51   274.88   275.07 
206612  261.40   262.63   267.17   270.80   272.37 
206701  258.12   261.28   265.54   270.95   271.38 
206702  262.57   263.87   268.88   272.09   272.18 
206703  264.33   268.62   271.60   274.12   274.27 
206704  272.75   273.71   276.35   278.34   278.73 
206705  279.06   280.06   281.63   283.31   283.41 
206706  285.71   285.74   287.01   288.38   288.48 
206707  289.13   289.16   291.34   292.70   292.86 
206708  289.08   289.50   291.22   292.70   292.93 
206709  285.49   285.64   286.75   288.11   288.25 
206710  276.47   277.97   279.84   281.26   281.71 
206711  269.33   269.40   272.44   275.57   275.75 
206712  260.11   261.55   266.87   271.26   271.53 
206801  260.99   261.41   266.32   271.10   271.29 
206802  264.12   264.21   268.40   272.21   274.06 
206803  266.43   266.83   271.78   275.46   275.72 
206804  271.24   272.54   276.11   278.12   278.16 
206805  279.87   279.94   281.85   283.40   283.53 
206806  284.95   285.37   286.75   289.14   289.34 
206807  288.56   289.47   291.35   293.01   293.25 
206808  290.06   290.27   291.22   292.79   292.87 
206809  284.96   285.14   286.48   287.92   288.70 
206810  276.90   278.02   280.13   282.21   282.43 
206811  269.12   269.65   272.96   274.65   274.72 
206812  261.48   262.70   266.90   269.45   270.29 
206901  256.79   258.23   266.33   270.49   270.89 
206902  261.24   261.56   268.52   271.96   272.83 
206903  267.04   268.75   271.98   275.09   275.35 
206904  273.34   273.79   276.56   278.43   280.95 
206905  280.32   280.41   282.17   284.33   285.18 
206906  284.75   284.78   287.18   290.15   290.51 
206907  289.59   290.06   291.42   292.72   293.34 
206908  289.51   290.07   291.62   293.16   293.74 
206909  284.79   285.04   286.89   288.34   288.47 
206910  276.37   277.32   279.98   282.07   282.22 
206911  270.44   270.68   272.82   274.82   275.75 
206912  261.93   262.73   267.41   270.71   271.11 
207001  257.63   257.95   265.84   270.56   272.04 
207002  259.23   264.39   269.95   273.17   273.21 
207003  267.06   267.86   272.07   275.33   275.69 
207004  273.57   274.13   276.08   278.81   279.01 
207005  281.27   281.32   282.67   284.17   284.20 
207006  285.14   285.26   287.27   288.69   288.85 
207007  290.30   290.39   291.85   293.17   293.77 
207008  289.45   289.95   291.56   292.38   292.47 
207009  284.30   285.47   287.01   288.61   288.71 
207010  277.74   278.03   280.03   281.77   281.98 
207011  270.29   270.80   272.68   275.51   275.65 
207012  257.92   262.46   267.87   270.60   271.16 
207101  260.18   261.19   266.81   270.85   271.48 
207102  264.18   264.39   269.34   273.25   273.40 
207103  267.49   269.02   272.12   274.78   274.90 
207104  273.39   274.20   276.62   279.07   279.57 
207105  279.73   280.71   281.87   283.59   283.61 
207106  285.47   285.92   287.23   289.44   289.52 
207107  289.49   289.97   291.62   293.37   293.44 
207108  289.99   290.04   291.23   292.81   293.77 
207109  285.14   285.57   286.90   288.30   288.82 
207110  276.87   278.13   279.78   281.51   281.65 
207111  269.78   270.58   272.62   274.49   274.53 
207112  262.62   263.00   267.24   270.74   270.84 
207201  259.46   260.22   265.44   268.45   270.24 
207202  260.56   263.71   269.21   272.52   273.02 
207203  266.72   267.97   272.45   275.57   276.19 
207204  272.71   273.45   276.46   278.75   278.88 
207205  279.74   280.57   281.71   284.36   284.51 
207206  284.80   285.10   287.35   289.84   290.02 
207207  289.41   289.41   291.26   292.88   293.06 
207208  289.36   289.99   291.42   292.76   293.23 
207209  285.17   285.36   286.92   288.17   288.57 
207210  278.25   278.64   279.89   281.66   282.30 
207211  270.03   270.42   273.31   275.10   275.50 
207212  261.69   262.68   267.71   270.50   271.98 
207301  261.40   261.94   266.21   270.43   270.63 
207302  265.02   265.76   269.09   273.35   273.94 
207303  268.80   270.38   272.17   273.86   275.04 
207304  274.06   274.16   276.37   278.56   278.61 
207305  280.10   280.42   282.06   283.72   283.98 
207306  285.61   285.86   287.37   288.97   289.14 
207307  289.27   289.57   291.70   293.14   293.43 
207308  289.80   290.22   291.53   292.91   292.93 
207309  285.03   285.42   286.84   288.85   288.95 
207310  278.07   278.49   280.27   281.99   282.34 
207311  269.29   269.48   273.08   275.74   276.05 
207312  263.27   263.99   268.12   270.98   271.49 
207401  260.34   261.45   266.51   269.68   271.35 
207402  262.60   262.92   269.58   273.95   274.84 
207403  268.13   268.90   272.43   275.32   275.46 
207404  274.43   274.55   276.97   279.33   279.93 
207405  280.10   280.79   282.26   284.57   284.72 
207406  286.13   286.15   287.59   289.02   289.07 
207407  289.99   289.99   291.99   292.96   292.97 
207408  290.14   290.20   292.03   293.02   293.24 
207409  284.56   285.17   287.48   288.57   290.78 
207410  276.89   278.24   280.17   282.76   282.92 
207411  270.63   271.11   273.34   275.75   275.89 
207412  259.73   262.17   268.21   272.07   273.09 
207501  256.97   261.39   266.03   271.08   271.29 
207502  266.39   266.50   270.05   273.22   274.57 
207503  268.17   268.40   273.03   274.72   274.98 
207504  274.08   274.31   276.71   279.17   279.19 
207505  280.43   280.88   282.79   284.62   284.72 
207506  285.77   286.19   288.10   289.36   289.56 
207507  290.13   290.55   292.07   293.15   293.32 
207508  290.45   290.46   291.92   293.59   293.89 
207509  285.51   285.63   287.39   288.62   289.73 
207510  277.42   277.91   279.91   281.88   282.35 
207511  271.04   271.16   273.59   275.85   276.29 
207512  261.31   262.03   268.06   270.36   271.51 
207601  260.53   261.61   266.84   271.50   271.63 
207602  259.67   263.08   269.59   274.48   274.77 
207603  263.72   269.55   272.69   275.93   275.97 
207604  271.80   272.48   276.69   279.26   279.78 
207605  280.54   280.62   282.71   284.36   284.69 
207606  285.62   285.83   287.46   289.29   289.40 
207607  289.08   289.15   291.64   293.07   293.41 
207608  289.56   290.05   291.64   292.83   293.37 
207609  285.33   285.73   287.13   288.36   288.87 
207610  278.22   278.61   280.63   282.29   282.81 
207611  269.75   270.21   273.55   275.50   276.15 
207612  261.25   262.47   267.81   270.97   271.20 
207701  257.94   259.29   266.20   269.82   271.20 
207702  260.95   263.86   268.75   272.68   272.88 
207703  266.11   268.50   271.96   274.91   275.48 
207704  273.04   273.80   276.83   278.84   279.42 
207705  280.56   280.81   282.42   283.99   284.09 
207706  285.87   285.89   287.78   289.54   289.55 
207707  288.07   289.47   291.84   293.67   294.10 
207708  290.24   290.46   291.94   292.90   293.33 
207709  285.37   285.69   287.34   288.57   288.86 
207710  277.84   277.87   279.81   281.91   282.40 
207711  270.42   270.51   273.74   275.46   275.58 
207712  261.45   262.71   267.44   270.89   271.39 
207801  258.57   260.53   266.84   271.08   274.25 
207802  261.63   264.57   269.55   271.74   272.15 
207803  269.06   269.38   272.98   275.23   276.11 
207804  274.08   274.38   277.15   279.30   279.47 
207805  279.98   280.46   282.63   284.49   285.04 
207806  285.83   286.22   288.07   289.42   291.12 
207807  289.96   290.63   292.38   293.89   294.02 
207808  289.66   290.09   292.08   293.42   293.82 
207809  285.92   285.94   287.58   288.44   288.57 
207810  278.22   278.25   280.33   282.27   282.41 
207811  271.06   271.72   273.46   275.58   276.23 
207812  257.37   264.29   268.51   271.79   273.10 
207901  259.09   261.04   268.67   271.96   272.53 
207902  263.23   263.84   270.02   274.36   274.38 
207903  270.13   270.51   272.72   275.49   275.65 
207904  274.63   274.76   277.17   279.34   279.57 
207905  281.09   281.49   282.41   285.26   285.74 
207906  286.32   286.37   287.92   290.04   290.23 
207907  289.18   290.64   292.11   294.06   294.14 
207908  290.19   290.74   292.24   293.38   293.60 
207909  286.05   286.15   287.79   289.23   290.60 
207910  278.31   278.51   280.59   282.84   283.60 
207911  269.47   270.56   273.21   274.89   275.83 
207912  260.08   264.89   268.35   271.68   272.52 
208001  259.72   263.65   267.33   270.29   270.56 
208002  264.81   266.73   269.45   272.58   273.25 
208003  270.12   270.46   272.86   275.98   276.25 
208004  274.46   274.58   277.31   279.61   280.54 
208005  279.64   280.63   282.65   284.14   284.57 
208006  286.56   286.69   288.39   289.84   290.15 
208007  290.67   290.76   292.40   293.90   293.94 
208008  290.03   290.79   292.24   293.41   293.52 
208009  285.95   286.07   287.36   288.98   289.20 
208010  278.84   279.10   280.83   282.64   282.94 
208011  270.26   270.76   273.62   276.05   276.19 
208012  262.90   263.49   268.40   272.62   272.94 
